Age,Gender,AnnualIncome,NumberOfPurchases,ProductCategory,TimeSpentOnWebsite,LoyaltyProgram,DiscountsAvailed,PurchaseStatus
40,female,66120.26793867795,8,0,30.56860115599193,No,5,Yes
20,female,23579.773583030517,4,2,38.24009661,No,5,No
27,female,127821.3064316501,11,2,31.633211501604148,Yes,0,Yes
24,female,137798.62311954965,19,3,46.16705881166296,No,4,Yes
31,female,99300.96422033316,19,1,19.82359186249564,No,0,Yes
66,female,37758.11747465244,14,4,17.827492934546594,No,2,No
39,female,126883.38528613505,16,3,,Yes,4,Yes
64,female,,13,2,17.190291539022134,Yes,0,No
43,male,102797.30126911662,20,1,6.023474556808846,No,3,No
20,female,63854.92107998205,16,0,38.57246639277682,No,5,Yes
66,female,66199.99392914612,11,1,1.4155319628243697,Yes,5,Yes
70,female,83556.71813301867,11,2,42.173999325776514,No,4,Yes
54,male,,9,2,17.626043673393056,Yes,5,Yes
64,female,31880.893223130934,17,0,22.75347251623372,Yes,1,No
19,female,107485.6609112762,7,1,28.26032122753378,Yes,4,Yes
70,female,67049.59880892246,2,4,,No,0,No
51,female,,13,4,21.808776090014348,No,0,Yes
18,female,,0,2,16.768262423676642,No,4,No
57,male,,12,2,40.69672742492697,No,2,No
20,male,,12,3,21.240052218659383,Yes,0,Yes
59,male,,3,2,1.037023481078914,No,5,No
19,male,116945.39175506018,17,3,5.953791243356875,No,5,Yes
46,female,133256.58269419678,7,2,41.68540086646056,No,2,No
22,female,56597.755793940894,16,4,14.827835349994656,Yes,1,Yes
31,male,,13,0,30.353469185591575,No,1,Yes
62,male,108227.09436743344,18,3,10.39038595563596,No,2,No
67,female,102252.54423731811,14,1,44.49593419070698,No,5,Yes
66,male,97875.79633,17,1,54.593550364371815,No,2,Yes
67,female,23792.06927388438,15,4,28.64750679716908,Yes,5,No
48,female,138727.3031849108,9,0,,No,2,No
52,female,42589.00710764669,1,1,3.626033317294109,Yes,5,No
63,male,80023.09869570548,11,2,44.96924768417404,No,0,No
36,male,144947.6131029871,12,1,26.151565326802128,No,4,Yes
37,male,101842.50059592575,16,3,17.34032246935198,No,1,No
25,male,139395.43617890312,1,0,1.649788142,No,2,No
40,female,107419.86474325375,15,2,28.881975329587483,No,5,Yes
53,female,93069.46327233424,12,3,44.39322491166161,Yes,0,Yes
30,male,52154.24105648084,15,1,18.96686815993161,No,2,No
66,male,124009.22593089074,7,4,,No,0,No
43,male,,5,2,29.53911611105208,Yes,0,No
43,female,43303.22954801271,13,3,2.7576397379247086,No,5,No
68,male,64874.98710424737,9,1,42.14942186169406,No,4,Yes
59,male,123832.8449150947,7,2,49.28016124284287,No,1,No
45,female,99978.52697,15,2,40.62795362887603,Yes,0,Yes
50,female,57327.93455099482,20,1,30.65517682165396,Yes,3,Yes
61,female,114517.37901000072,12,1,30.98195957429383,No,0,No
62,male,67931.93221242339,11,4,58.26272557298126,No,5,Yes
53,female,67808.71561404766,17,0,32.09595923306126,No,5,Yes
18,female,129969.78715810516,14,1,15.87649339449767,No,4,Yes
47,female,104216.2679787687,13,1,56.84931579392198,Yes,4,Yes
52,male,40534.12696859524,1,1,54.28825075264435,No,2,No
25,male,29263.374609483617,2,3,13.278256041185994,No,4,No
18,female,38570.53734910901,5,3,23.847516844005025,No,5,No
40,male,33711.580994361975,16,4,,Yes,4,No
22,male,,10,0,42.616025841452974,No,3,Yes
35,male,80147.82865850115,12,2,40.97033790015843,No,0,Yes
32,female,90421.62561330052,15,3,58.75625381107409,No,0,Yes
42,female,108080.49476966391,9,1,21.04186449029564,No,3,No
47,female,75279.66411,8,2,51.850939535977176,No,4,Yes
31,male,95411.54851,12,0,57.81060641650421,Yes,2,Yes
33,female,26258.568677185947,19,3,12.922775229104726,No,5,No
23,male,118155.45073701616,16,2,1.4036041407534494,No,2,No
52,female,116034.00959445364,0,4,21.42040150970005,Yes,3,Yes
66,female,118928.7988036522,16,1,41.05435289413832,No,2,No
55,male,56724.48858,15,0,54.99486114049874,No,4,Yes
59,female,77136.51952227831,6,3,54.91870112898598,No,3,Yes
62,female,62288.36742299405,8,0,11.599760984373914,No,0,No
40,female,124336.13834537569,10,2,6.458480649802572,No,0,No
57,female,56722.23671701347,1,3,7.736843033990797,Yes,1,No
45,female,,19,4,25.433759360166803,Yes,2,No
33,female,53837.29148358039,16,4,18.611092786422837,Yes,4,Yes
70,male,119425.2741173894,4,3,,No,5,No
43,male,86607.29108095278,14,4,40.27337953693163,No,2,No
42,female,25069.481634738506,15,1,1.7973048960647715,No,1,No
43,female,66806.56056712719,20,4,55.59200349279615,Yes,0,Yes
65,male,,12,4,30.70729717,Yes,1,No
68,female,,13,2,11.475917263080143,No,5,No
40,female,118450.32692747706,9,3,43.45517426021217,Yes,5,Yes
64,female,,11,3,56.20920642994847,No,3,Yes
24,female,22837.041580813635,17,2,18.84134867793141,No,4,No
22,female,,20,2,53.63147275237195,No,3,Yes
40,male,98472.83607271875,20,0,,No,2,No
25,male,44363.55273268569,4,3,7.011613484321616,Yes,1,No
68,male,41751.76952013785,19,3,14.812057233267794,No,3,No
68,male,55711.49595622596,15,3,22.18104531667656,No,5,No
43,male,33234.47878,20,1,,No,4,No
23,female,39149.39575626615,2,1,26.425538854581287,No,4,No
26,female,107636.9384196882,1,2,14.377319387003324,No,0,No
35,female,70116.54761579991,4,4,40.45158220897569,Yes,2,Yes
70,male,85814.58773437636,19,0,13.078447783049937,Yes,0,No
31,female,67812.17840829988,6,3,49.30606181,No,1,Yes
43,male,118837.67700587754,3,1,8.367334537449437,Yes,0,No
43,female,69986.47259382563,19,2,55.46726532853663,Yes,4,Yes
27,female,103956.91021724296,2,0,32.59243202976029,No,1,No
36,female,144485.53196089625,19,2,31.01282450303318,No,4,No
31,female,115923.0374129989,2,1,35.61813901907323,No,1,No
58,female,111633.23130563962,8,1,44.237461899072514,No,5,Yes
47,female,49291.20089366056,13,4,1.2872360516746904,No,4,No
29,male,64518.237248512734,6,3,54.11842213489496,No,1,Yes
44,male,114377.3882980884,16,0,5.619798558293892,Yes,5,Yes
54,female,90906.14302289773,3,1,51.63019657657261,Yes,0,No
24,male,98084.63865128628,19,0,4.638800434,No,0,No
54,male,28320.82505912072,3,1,47.31540333628746,Yes,4,Yes
55,male,29911.09833656338,15,2,34.02332872,No,5,No
29,male,149326.50821557362,20,4,3.5625680769026102,No,3,Yes
23,male,142681.2070666287,12,2,25.50042481679641,No,2,No
25,female,65146.01507396598,6,1,38.490247321475344,No,4,Yes
54,female,113399.0131519315,11,0,29.652213307895405,No,1,No
18,female,26716.933815534943,6,3,29.218736383151537,No,0,No
34,female,145241.27644776157,10,2,28.629734895926724,No,2,No
62,female,93492.93309,0,0,26.36083551484617,No,3,No
70,female,,5,3,18.858073412346524,No,0,Yes
58,female,90382.98895518608,5,3,,No,2,No
36,male,29825.869801028704,5,0,42.94276549717196,No,4,Yes
23,female,20017.51009058309,5,3,23.93181028958608,No,5,No
52,male,22722.844934018667,18,2,50.149021572523125,No,3,No
33,male,96410.01691208578,14,1,,No,0,No
47,male,43065.74003,7,0,17.226461576780068,Yes,2,No
40,female,36167.89187006633,20,0,49.71060206951388,No,2,No
52,male,69898.28375129572,12,1,43.32499366971543,No,4,Yes
57,female,112561.8226430015,8,0,18.05906639,Yes,0,No
64,female,132261.17792689087,13,3,35.30578292778883,No,1,No
43,male,45897.98574,1,4,24.79849399655484,No,2,No
41,male,70461.54179650941,11,2,40.98321093,Yes,1,Yes
65,female,26529.38149031659,18,3,6.586178439782908,No,4,No
68,female,30007.330718445613,19,3,9.673882339086935,Yes,5,No
19,female,24590.47614223108,1,3,14.971057541914629,No,5,No
38,male,115929.2611360233,20,3,44.229310848377615,No,5,Yes
53,female,30017.576287463053,14,3,35.35200948,No,4,No
64,male,112523.96474698634,9,4,16.40067510061504,Yes,4,Yes
70,female,86224.87665947266,13,0,56.32202617637893,No,2,No
21,female,36652.44703,16,4,,Yes,2,Yes
58,female,143569.03683620645,20,1,53.43604449201496,No,4,Yes
56,male,95610.89808859516,5,4,35.65351968333865,No,1,No
32,male,88939.27732239058,18,1,31.73226117934007,Yes,1,Yes
18,female,34941.28961774369,4,1,51.11840136578476,No,1,No
22,male,37476.56682305584,2,1,13.28838283,No,3,No
64,male,130545.2401455864,18,2,40.64659213769602,No,3,Yes
68,male,21910.14053,10,1,27.688829270244256,Yes,1,No
39,male,126226.65846202608,19,2,20.842177570411238,No,3,Yes
44,female,121888.77952293394,18,2,23.25354871527037,No,2,No
70,female,86446.78810083987,2,1,27.17838537,Yes,2,No
50,male,136101.72667540394,13,1,55.20609098345084,No,2,No
43,female,114767.53801525614,12,2,50.4096028,No,2,No
25,male,72231.24408506215,0,2,16.826771176416337,Yes,3,Yes
60,male,54492.39788221071,14,2,18.10556099534869,No,4,No
65,female,55499.20529646561,20,4,12.778099651935134,No,5,No
31,male,51356.18948794039,13,4,32.94039566537178,No,1,Yes
52,female,149123.1520049853,8,3,47.40842477905888,No,2,No
38,female,56530.58485813277,9,3,43.55224358243608,Yes,5,Yes
57,female,79069.05349279492,8,4,43.22162230133536,No,2,No
55,female,37596.03069609912,18,1,42.42287145,Yes,4,Yes
40,female,31322.05968345029,20,1,9.333378183566882,No,2,No
65,male,57988.36996004671,5,0,49.279730056923526,No,3,No
46,male,84195.82525940074,12,1,,No,3,No
43,male,101042.7745607272,14,4,1.596751467989313,No,5,No
28,male,114836.06972481158,20,1,4.121538562969199,No,2,No
49,female,135205.45146045968,20,3,6.459184707636429,No,0,No
32,female,58387.76422623263,15,1,36.43579112204377,Yes,5,Yes
69,female,120245.96606074524,13,4,33.58696835,No,2,No
40,male,136232.2593293226,0,4,4.728108477196455,No,3,No
34,female,102069.98190195853,16,4,41.1183309,Yes,5,Yes
26,female,107903.08306980642,7,2,20.97806251764532,No,1,No
68,male,102507.2655230124,6,0,52.12061273169345,No,1,No
64,male,72985.94711,1,1,50.15830792734178,No,4,No
44,female,85798.44216923173,9,0,20.955627071719807,No,3,No
18,male,29053.349261112744,17,1,35.68623716879406,No,3,Yes
47,male,73287.63566051747,9,0,57.58597029,No,3,Yes
53,male,55997.58335911516,17,2,13.401326154411937,Yes,1,No
50,female,76422.5176,12,4,15.679026761435727,Yes,4,Yes
51,male,85052.14894232617,12,4,30.481310586691347,No,4,Yes
33,male,79662.26715758664,4,4,36.79303026,Yes,2,No
53,female,21575.700703706127,10,4,59.90080663768644,No,1,No
52,male,79310.74616422047,3,2,11.409946457750667,No,0,No
27,male,145689.9149739071,18,4,22.548447649156035,No,3,Yes
40,male,30850.331048619828,7,3,35.510922744744576,Yes,4,Yes
39,male,98812.88190762707,3,2,46.30470545438897,Yes,5,Yes
20,male,76422.72645213865,13,4,41.93871558397535,Yes,1,No
69,female,41411.82594619847,16,3,37.80087983916815,Yes,5,Yes
57,male,86801.08034687981,7,0,24.02698661112505,No,5,No
52,female,34798.99115195818,5,1,6.524340706684125,Yes,1,No
31,male,122381.3811616413,1,2,42.81915662946309,No,4,Yes
56,female,48679.553852457466,17,1,10.110529694813566,No,3,No
45,male,103533.4759395749,5,3,27.53094165383948,No,4,No
53,male,99329.26943209337,3,2,54.79194305215633,Yes,0,No
38,female,30549.39320971109,0,0,54.24998477573424,No,2,Yes
21,female,82574.73971259207,9,0,24.667730200016056,No,0,No
37,male,122519.94540741284,5,3,21.34141624709257,No,5,No
66,male,41090.34275172232,3,1,16.37983430669502,No,5,No
54,male,97162.92159924218,11,2,32.24478816204781,Yes,1,Yes
36,male,123789.44426738584,2,1,54.07125314068228,No,5,Yes
21,male,73640.83931032108,3,3,31.359145630549605,No,3,Yes
47,female,58647.802739953375,6,0,47.64348560877816,No,5,No
24,male,94343.39525953426,2,3,40.19602262973525,Yes,2,Yes
32,male,134714.12789295404,7,1,16.707658588429805,No,2,No
22,male,147050.02803889549,2,0,29.45518812,No,2,No
50,male,81923.64532914283,5,0,33.09776795237996,No,4,No
27,male,120479.79264389497,19,2,15.743368779423108,No,1,No
43,female,147283.6419419701,12,0,48.01483264629528,No,3,Yes
22,male,87622.08600039766,2,1,24.942913439816024,No,2,No
48,male,35383.70482004035,10,1,53.03655775329584,No,3,No
66,female,141127.98352626612,0,1,1.1288644285776774,No,3,No
41,female,108740.23875904232,8,1,37.69854213972985,No,0,No
58,female,122052.1506988174,17,4,21.254757182548715,No,2,No
39,female,106829.59984447152,9,0,44.36654279720083,No,1,Yes
68,male,63219.300429332565,20,2,55.69324544598309,Yes,4,Yes
63,male,73773.54773942259,7,3,4.540483362751696,Yes,3,Yes
27,male,56955.632080577176,3,1,50.36705148248336,No,0,No
66,male,60536.09730108375,16,2,55.95726056320416,Yes,0,Yes
42,male,42778.83037375756,17,3,59.98534224231362,No,3,No
44,female,126873.41087802932,7,4,23.24345500556593,No,4,No
70,male,115856.42006041396,9,2,19.04299716573617,No,3,No
39,female,84715.62604445772,9,0,56.51169978218783,No,4,Yes
49,male,118377.69573952256,19,4,7.829842728533153,Yes,5,Yes
38,female,101457.02644211732,14,4,57.65286627058666,No,3,Yes
61,male,109107.7048188472,13,2,4.434833212,Yes,4,Yes
23,male,97095.76344428194,13,4,24.56650446282041,Yes,3,Yes
43,male,63450.981430487904,13,3,3.029789298754036,No,1,No
36,male,44193.18432001605,17,3,11.49515946533548,No,0,No
69,female,125530.07245171788,14,1,25.985438545710632,Yes,4,Yes
29,male,145204.9645065926,4,4,47.27200666,No,4,Yes
54,female,142288.30186499428,15,3,9.585520722858073,Yes,5,Yes
66,female,124832.47024026912,11,3,39.35668018,No,3,Yes
42,male,109457.51179125048,1,2,5.176694724659292,No,4,No
50,male,37571.61759012696,13,2,28.35370238626354,No,2,No
21,male,76396.26454494885,18,2,52.57243796,Yes,5,Yes
35,male,20996.324244399293,0,2,15.22279640554746,No,4,No
19,female,28862.400220114163,19,3,49.67708383,No,4,Yes
45,female,135727.95034270268,14,2,40.91185646605225,Yes,0,Yes
40,female,116574.59417683206,10,2,5.501844796270693,No,4,Yes
18,female,61002.896447241656,0,2,46.83673114408749,No,1,No
27,male,106996.0341819502,1,4,58.884759846297065,No,5,Yes
23,female,23035.77252266417,17,0,53.42988471635452,No,2,No
64,female,62207.87049570779,2,0,41.93792655,No,0,No
42,male,76224.72418291715,9,4,24.479660436464677,No,4,No
38,female,30519.506796662783,4,4,59.89379455227144,No,3,No
45,female,129459.8119,1,2,41.45345320664676,No,3,No
25,female,60735.22928606861,8,4,21.58335457971213,No,5,Yes
32,female,51451.11844101884,4,4,32.86467999340955,No,4,Yes
18,female,118931.03005440097,1,2,33.43139220573812,Yes,0,Yes
48,female,146863.58813830698,6,0,17.759444953385312,No,2,No
20,female,59303.32241569419,18,1,6.569451078327691,No,4,Yes
39,female,140524.38175159553,13,2,53.38243743297993,No,5,Yes
57,female,79069.05349279492,8,4,43.22162230133536,No,2,No
28,male,53070.90550944011,0,1,18.854767792796544,Yes,2,No
70,male,126922.47327246692,12,2,41.17624419,Yes,4,Yes
43,male,89293.75274199819,10,4,57.24566595985667,Yes,4,Yes
70,male,123568.5816348784,5,3,31.13029608238376,Yes,0,No
18,female,24995.42536510225,15,3,30.336522506179747,Yes,2,Yes
59,female,86588.84970564768,6,1,3.8366591407005615,No,2,No
38,male,144269.4477641915,17,1,34.15493848960112,No,4,Yes
68,male,134789.1972278705,3,0,5.462191466238418,No,3,Yes
65,male,65922.68310526834,15,3,34.861819031255955,Yes,0,Yes
50,male,113878.62060926776,15,0,32.954218445110726,No,5,Yes
22,male,29992.069785901254,1,1,26.42828448677424,Yes,4,No
48,female,130295.2992817682,19,3,57.51681246722325,Yes,2,Yes
52,male,46909.03519699548,7,0,30.447410828348783,No,3,No
65,male,100913.77340357956,17,1,56.92394307794506,Yes,4,Yes
53,male,55985.86001286975,15,3,53.24800717155225,No,5,Yes
51,female,30094.413507308655,15,1,40.28560820676036,No,1,No
51,female,78415.46646515347,9,1,47.99065440273076,No,4,Yes
28,male,55151.12722998832,17,1,34.01739448303871,Yes,0,Yes
37,female,104411.90219499462,3,4,5.621296253803888,No,5,Yes
61,male,81997.01384,1,3,36.99255738200734,No,4,No
33,male,33082.87220805933,15,2,7.901999736730198,Yes,1,No
61,female,28540.33166406755,3,4,40.10435823187616,Yes,0,No
57,male,135943.3788253955,9,4,13.191947908610612,No,3,No
18,male,86356.22357055018,11,1,35.40099338090647,Yes,0,Yes
25,male,111342.39050111712,18,1,44.992071618709616,No,2,Yes
43,female,147555.02879133506,17,4,52.52534152220597,No,5,Yes
68,male,136365.30629184973,6,2,2.947704218119308,No,0,No
43,male,101042.7745607272,14,4,1.596751467989313,No,5,No
30,male,130105.95104691786,16,2,27.17509917911577,No,1,No
50,male,41425.926044826825,6,0,29.865092824238697,Yes,2,No
56,female,115264.20081961258,6,1,57.21722896106448,No,3,Yes
24,female,142778.31575025944,19,4,45.54856447415479,Yes,4,Yes
67,male,110024.06746699927,8,3,31.66141683787224,No,5,Yes
50,female,109555.0892665118,20,0,1.2184420031125942,Yes,3,Yes
30,female,64611.75591244557,12,1,40.71356953934719,No,2,Yes
56,female,87768.48619503806,4,1,22.018743781623023,No,3,No
60,male,84072.39597816806,4,4,23.197533323310275,No,2,No
57,female,57765.58573728465,9,3,30.354229645619714,Yes,3,Yes
30,male,55902.04251671693,19,1,25.26848712954297,No,4,Yes
35,female,126987.89465542976,6,4,44.66105020933456,No,3,No
29,female,67976.89282891915,16,4,57.39828717090276,No,3,Yes
37,female,125816.13503578244,14,4,27.322806130973003,No,4,Yes
22,male,115866.38993379312,16,4,37.65236529832987,Yes,2,Yes
27,male,90753.01559,20,2,51.66636951094185,No,5,No
43,male,144286.12866955128,5,4,38.391491144229846,No,4,No
29,male,127092.74994876832,7,4,55.96789573578212,No,3,Yes
49,male,97118.80411395997,0,4,52.05237899286045,No,1,No
34,female,58300.52152500511,17,3,9.100899133,Yes,1,Yes
29,female,116187.53569970097,2,1,56.77311537484657,Yes,3,Yes
40,male,87520.16173551185,15,0,50.80696785362082,Yes,1,Yes
25,male,40658.061797015966,18,3,4.287951156358083,No,4,No
51,female,61286.28338394516,4,0,15.05435669306135,No,0,No
32,male,113515.97090799062,5,0,55.13514878118434,Yes,2,Yes
48,male,38537.23873064814,3,4,4.684212223461524,No,0,No
36,female,117347.42380522985,16,2,12.308607810986183,No,3,Yes
65,female,55499.20529646561,20,4,12.778099651935134,No,5,No
38,male,66615.19999823351,14,1,27.072562853756622,No,2,No
42,female,27417.11374966306,19,1,52.26858719623288,No,0,No
58,male,85760.85008373777,18,3,27.507198270442338,Yes,1,No
53,male,29230.99638932321,19,1,30.10356881297504,No,0,No
50,male,41425.926044826825,6,0,29.865092824238697,Yes,2,No
50,male,90082.29185568112,11,1,46.92201451498596,No,3,Yes
56,female,48679.553852457466,17,1,10.110529694813566,No,3,No
29,female,38095.571174940414,14,3,49.68967133247868,Yes,4,Yes
23,male,126812.79670236132,15,1,17.17567822266571,No,1,No
30,male,35795.178919119346,18,0,4.226897299999791,No,1,No
40,female,36414.41640338536,8,1,48.522510699394616,No,5,No
66,male,143685.8753470382,14,3,52.594031093734905,No,2,No
33,male,79564.29527592604,3,0,26.970639393134395,No,5,No
42,male,46061.68701869236,5,0,9.289930883407004,Yes,0,No
20,male,44443.215500004095,9,2,11.46373033792483,Yes,0,No
25,male,40658.061797015966,18,3,4.287951156358083,No,4,No
67,male,80311.07898560326,18,1,32.979597110316405,No,5,Yes
54,male,120704.95905355364,15,4,30.11099532439032,Yes,1,Yes
46,male,38573.87497412352,9,3,58.25587438416175,No,4,No
42,female,35626.93978567491,19,2,54.63469003090716,Yes,0,No
30,female,131433.30340983788,1,4,8.40934406,No,0,No
50,male,74383.40233329641,13,1,52.09536825015686,No,2,No
21,male,85774.52800554111,9,2,44.50500534980961,No,1,Yes
67,male,73836.86782876051,0,3,35.36949286900342,No,1,No
38,male,132143.26124939328,14,0,42.54635782,No,4,Yes
64,female,74941.79561,2,3,49.63181117,Yes,2,No
48,female,66830.40944405562,0,0,17.919245775915137,No,3,No
58,female,133454.93256299823,5,3,58.95310759526028,No,3,No
46,male,50866.35088872482,19,0,59.74152452,Yes,0,Yes
68,male,104526.14201175992,8,0,42.272521199315904,No,0,No
66,female,117249.51332583916,3,4,7.326121258300759,No,2,No
56,female,106914.44407397884,13,1,58.35268079299888,Yes,0,Yes
65,female,131818.16013542656,0,2,14.021245412334771,Yes,1,No
24,male,35990.42836608693,11,1,3.1960805695904204,No,2,No
20,male,53787.64730156827,12,1,36.51689982549269,No,3,Yes
45,female,145322.2629253013,16,3,34.37060813713456,No,0,No
40,male,71551.97865869521,10,3,32.60394364195861,No,3,Yes
49,male,87170.79007941482,3,4,11.35920688044236,No,0,No
61,female,33701.11835401468,6,0,27.85232963,No,2,No
36,male,42558.186948246126,9,1,14.157579588490249,No,2,No
56,female,59513.03216,15,2,11.061744884995328,Yes,3,Yes
64,female,145821.80452985398,1,0,16.27873469647354,No,1,No
25,male,79992.07040121543,20,3,18.696370898085757,No,1,No
29,male,92161.04341,12,4,3.725592508896101,No,5,Yes
26,female,57555.04205819154,7,4,44.99829028720018,No,2,Yes
66,female,69452.07136615325,12,0,40.177948953567736,No,1,No
46,male,20001.51252,4,2,8.372437398957064,Yes,4,No
56,female,29250.577072546264,18,4,3.942010013156553,No,2,No
44,female,23308.20878774761,1,0,7.047283422163556,Yes,1,No
35,female,134345.6411436988,6,0,3.189685877775834,Yes,4,Yes
28,female,119388.6133051133,4,1,39.27537319366832,Yes,5,Yes
36,male,51446.19767364907,6,3,3.044391879027008,Yes,2,Yes
26,female,26806.15262437141,17,4,20.84722968077165,Yes,2,No
31,female,79500.94867070823,16,1,43.15917841949622,No,2,Yes
41,male,40809.312544094486,20,1,47.69041222825027,No,1,No
21,male,87334.86860263527,4,4,33.49073899676816,Yes,4,Yes
56,male,21317.05392360664,7,1,24.050918688955974,No,4,No
39,female,91438.83967,3,2,56.86593158412039,No,1,No
66,female,111592.07564356788,2,2,27.29581562455804,No,5,No
62,male,139460.4493731421,10,2,21.16318169722971,No,0,No
41,female,119377.29464981557,18,4,33.798809007384904,No,3,Yes
32,male,79756.43315234597,6,3,23.89544998139646,Yes,3,Yes
62,male,139162.58065935696,14,3,40.20100340896799,Yes,4,Yes
46,female,22494.995986997368,14,3,56.91996789485297,Yes,1,No
48,female,122216.1659199243,19,0,8.174710302,No,2,No
59,male,130046.86402973614,10,4,26.06221714992699,No,3,No
45,female,65808.74305925507,14,1,22.164894153219823,No,5,No
53,female,95890.46146683452,2,3,31.53836843817465,Yes,0,No
43,male,145903.5410872699,1,2,5.191207862797133,No,4,No
41,female,66214.09135737646,20,4,4.206537802570766,No,0,No
38,female,39662.08773554149,16,1,58.39780536094132,Yes,1,Yes
54,female,21152.22706475096,7,3,44.37982176210082,No,1,No
49,female,21213.11057752213,11,0,18.67382285727894,No,3,No
34,female,121447.51539089462,17,2,58.37882724238606,No,5,Yes
64,female,21177.041005448227,3,3,27.88191130595681,No,3,No
60,male,137318.92994715943,11,2,10.982980048957856,No,5,No
35,male,39506.32641021795,18,1,17.74407864,Yes,4,Yes
63,male,116261.89715395748,12,4,44.07768107880907,No,4,Yes
41,female,52288.91384807402,5,1,6.975291306029376,No,4,Yes
37,male,133095.99075419904,14,4,16.15794279684531,No,2,No
53,male,134440.9190793605,4,2,11.344720241234736,No,4,No
37,female,38292.498646338594,9,4,49.33481851,No,0,No
54,female,81098.47486053176,6,0,16.521721765527253,No,3,No
66,male,84161.05544421542,12,1,53.746424677091554,No,0,No
37,male,70632.64633731465,20,0,27.09779202496271,Yes,4,Yes
59,male,130046.86402973614,10,4,26.06221714992699,No,3,No
49,male,55204.82264480644,11,0,15.674798233646854,Yes,2,No
43,female,144512.67412846652,18,0,46.98949799618718,Yes,1,Yes
61,female,124930.21985743471,13,4,24.029220976431723,No,5,No
58,male,104626.55072962404,1,1,59.88066987793736,No,3,No
37,male,65154.632413649546,10,4,28.06360182438476,No,1,No
51,female,96466.29470329075,3,4,39.81901966111593,Yes,3,Yes
45,female,79846.57525625042,3,1,17.280980861274067,No,1,No
42,male,91351.62646005629,6,1,29.413759272942396,No,3,No
21,male,46342.24243759461,0,0,35.046778668316456,No,2,No
19,female,105381.41361415824,14,3,34.479149273370545,No,5,Yes
41,male,45868.97806472678,6,3,48.91859565027234,No,5,No
56,male,99951.68584505266,13,2,33.19445123314945,Yes,4,Yes
25,female,28581.27973823141,12,2,52.57596636744204,Yes,1,Yes
39,female,32791.43446274165,18,2,1.137080961783886,No,1,No
59,male,65232.38350568166,11,1,35.29794016377815,No,0,No
28,female,35405.34107,11,0,53.44245080521175,No,5,Yes
46,male,32041.312796677736,16,1,51.422522521520186,No,2,No
61,female,64964.06989592146,15,4,27.222016502618423,No,4,No
69,female,127377.16765205064,12,1,27.62582545348076,No,4,No
60,male,28128.418446569947,18,0,10.839091863488829,No,2,Yes
66,female,23405.572109168425,2,1,38.29508719302344,Yes,4,No
55,female,102467.27955331931,4,3,26.881398549862958,Yes,4,No
50,male,32201.447027036305,16,2,32.43798080471233,Yes,3,Yes
21,female,115369.86947298226,10,2,45.434011983600776,Yes,0,Yes
19,female,120009.63617337418,9,0,43.91969108588111,No,5,Yes
43,male,57392.25477567816,10,4,41.15344364028219,No,0,No
49,male,53708.57865255059,20,2,52.80072456747989,No,1,No
39,female,32791.43446274165,18,2,1.137080961783886,No,1,No
44,male,86086.8711,16,4,28.97049958,No,3,No
58,female,95025.93618,18,0,10.14551137758852,No,0,No
61,male,134267.25703669473,16,1,7.962355570543117,No,1,No
40,female,144549.55241551943,18,0,38.180330008335446,Yes,4,Yes
45,female,79846.57525625042,3,1,17.280980861274067,No,1,No
25,female,111148.14727427156,17,4,51.140713671224425,Yes,1,Yes
52,male,107622.58947764304,19,2,48.29082818242545,No,1,No
47,female,146984.04270638572,5,2,15.016040859498425,No,5,No
22,female,51251.85868,4,1,46.09084428609433,No,0,No
52,female,93329.62375,1,3,53.42346402294461,No,2,No
29,male,62263.52200612087,19,4,4.270546347532796,No,2,No
55,female,58921.42648831856,18,2,13.107985150350236,Yes,0,No
68,female,98250.04603196713,10,4,40.68601626808061,No,5,Yes
37,male,44092.92333873288,14,2,43.924649206578415,No,3,Yes
25,male,114048.21632050013,8,0,24.864972802662656,No,3,Yes
68,female,121482.12326532244,13,0,4.535584163943805,No,0,No
31,female,58407.82107206463,8,4,52.846044896938864,No,3,Yes
28,male,91035.94109012016,18,3,20.38765602931072,No,4,Yes
43,male,113869.22196635582,12,0,16.379037635143256,No,2,No
64,female,31880.893223130934,17,0,22.75347251623372,Yes,1,No
27,female,78533.05199857574,17,4,40.66467649827597,No,1,Yes
68,female,104789.15374091142,11,4,44.06548763786345,No,0,No
50,male,92821.86385003946,20,0,51.33456214270396,No,4,Yes
24,male,113122.04044814868,16,4,58.58907542777473,No,1,Yes
23,female,38304.383356047896,17,4,55.85771163519968,No,5,Yes
19,female,68792.88802954825,14,0,4.168127637359103,No,3,Yes
51,female,34635.45075355181,19,3,8.297760186211882,Yes,5,No
70,female,44197.666707935234,4,4,16.593685413651542,Yes,4,No
33,female,58989.48449590801,16,0,43.98958431669705,Yes,5,Yes
25,female,94019.05695369677,0,2,9.779714156572386,Yes,1,No
28,female,90853.49946,8,3,14.193144567767222,Yes,0,Yes
60,male,139729.28774255485,11,3,31.352693629690823,No,4,Yes
59,female,126929.52326994558,19,4,43.92621909049984,Yes,2,Yes
68,male,136365.30629184973,6,2,2.947704218119308,No,0,No
22,male,37476.56682305584,2,1,13.28838283,No,3,No
31,female,139371.08126780682,6,0,38.71843288726199,Yes,3,Yes
45,male,67397.18467,5,1,18.33387376860532,No,3,No
39,female,75573.65942967997,12,4,49.08590368389274,Yes,3,Yes
45,male,147447.93632248405,14,0,23.55200188085499,No,4,Yes
46,female,133256.58269419678,7,2,41.68540086646056,No,2,No
57,male,68324.12863230462,15,2,51.60808460137574,No,2,No
26,female,29370.96367982754,10,3,14.11468323167653,No,2,No
44,male,86086.8711,16,4,28.97049958,No,3,No
54,male,90782.70326403418,19,4,5.195531785,No,4,No
35,male,55353.46439672203,4,0,5.8191061271148845,No,5,No
33,male,21964.388947881755,9,1,38.83467684615532,Yes,2,No
28,male,37455.73061729582,1,1,26.306218610128905,No,0,No
61,female,114517.37901000072,12,1,30.98195957429383,No,0,No
65,male,131483.1038959669,16,0,40.58102833311245,No,0,No
33,male,33082.87220805933,15,2,7.901999736730198,Yes,1,No
31,female,53740.431812891744,9,4,2.041064450537745,No,0,No
63,female,52182.77013638523,7,3,1.914396267745228,Yes,0,Yes
24,male,77225.86973421377,7,3,53.57027929506548,Yes,1,Yes
35,male,107883.41744683115,17,2,23.13086491378265,No,5,No
18,female,149785.17648108344,10,0,38.97946857317181,No,5,Yes
38,female,117653.14621509436,12,4,30.68757085602933,Yes,4,Yes
55,male,21290.09674661863,11,4,54.84336138989204,Yes,4,Yes
44,female,109312.50464542156,1,1,45.08693214433347,Yes,1,No
47,male,85081.15484915432,7,3,18.001706850153127,No,0,No
24,female,63426.49554,5,3,46.15096092290046,Yes,3,Yes
28,male,146829.32611178892,6,4,2.277088119472032,No,3,Yes
46,male,86625.34434014311,7,1,58.83541126117345,Yes,3,Yes
48,male,72923.84358633158,12,0,57.31094403894336,Yes,1,Yes
37,female,58130.11940147341,9,0,54.21266473318444,No,3,Yes
20,female,73223.56933621239,5,4,1.8863299768534116,No,1,No
62,male,60458.27435824117,20,3,43.35436425256378,No,1,No
56,female,73059.71981267075,2,4,10.880758942452507,No,0,Yes
62,female,119959.96167399333,4,3,30.08088084949156,No,5,No
49,male,57370.01643664252,5,3,1.2780331058122285,No,4,Yes
49,male,52068.25238781099,9,1,28.00688521280659,No,3,No
57,male,86801.08034687981,7,0,24.02698661112505,No,5,No
51,female,22848.73274075117,11,4,49.936303355604814,Yes,3,No
28,female,72663.35028858364,17,1,58.931931262079495,Yes,0,Yes
19,male,118721.77411433528,4,0,13.845769029135232,Yes,4,Yes
68,male,27561.29341571185,6,1,7.049222695440282,No,0,No
29,male,77242.04438788537,4,0,38.94059861886175,No,5,Yes
23,male,39343.47602266503,13,4,36.77678090200011,No,4,Yes
25,male,79539.44867046429,1,4,4.368590870083152,No,2,No
46,female,135971.0095622305,1,3,20.38566733120536,Yes,1,No
31,male,78472.00434677192,5,2,36.73947010073513,Yes,4,Yes
29,male,87350.23961104601,18,2,45.28210566147052,No,3,Yes
58,male,148935.29367541726,10,1,53.99064024438594,Yes,2,Yes
26,male,58681.29867144668,15,2,52.66542252758025,No,1,Yes
68,female,111501.42191246306,9,2,38.01153408360549,No,2,No
39,female,55715.09831753754,16,0,55.67326767932533,No,3,Yes
30,female,36984.804697050175,16,0,48.24735859073295,No,1,No
45,male,126073.10206592023,19,0,31.120695416631836,Yes,1,Yes
50,female,138026.84319135052,10,3,48.37919248528083,No,4,Yes
69,female,53488.93864338384,5,3,47.053790823435456,No,0,No
64,male,131245.8436577522,15,2,43.83761823768599,No,0,No
47,male,112813.84222585669,9,1,45.22724277887863,No,3,Yes
42,male,41574.13638845205,16,3,31.73204852840315,No,5,No
61,male,137229.05897760508,16,3,57.06811381043469,Yes,5,Yes
55,female,103261.88548285973,10,3,42.43717379,No,0,No
25,male,58389.19208433826,14,4,2.527868144719624,Yes,5,Yes
42,female,111726.1621436972,14,0,36.80078085345887,Yes,0,Yes
45,female,23275.14381469982,19,4,12.837293318647834,Yes,3,No
25,male,146360.69285209983,7,3,57.77056169684074,No,1,Yes
55,male,105042.69819162968,6,4,38.23590464564185,No,5,Yes
64,female,29477.23859782745,6,1,2.9385451666833844,No,1,No
44,female,135999.3247581548,0,3,36.56793644334255,No,3,No
49,female,128815.3462815822,11,1,54.592485404337566,No,0,No
49,female,145330.19414371406,14,1,51.42582744167155,No,5,Yes
21,female,122561.22133088094,8,1,55.46695399349658,No,2,Yes
68,female,121482.12326532244,13,0,4.535584163943805,No,0,No
48,male,78661.11474352845,14,1,41.66170321522348,Yes,4,Yes
45,female,20203.46367489148,16,0,31.69148185570925,No,1,No
36,female,27611.620801717298,4,4,18.692581838199832,No,2,No
30,female,105610.26703710711,15,0,11.671596941094846,No,0,No
31,male,112716.8948267403,6,2,36.86390662077785,No,3,Yes
32,male,80002.47167457268,9,2,41.15307930219143,No,2,Yes
44,male,99108.54545054064,11,0,57.90480528,No,3,Yes
61,male,120938.1680449642,15,2,8.776602963904082,No,4,No
56,male,38271.885785186896,13,4,42.48878730175373,Yes,2,No
57,male,138251.4865,15,1,28.80798585219903,Yes,0,No
26,male,52560.82684302487,16,1,29.145845285581924,Yes,4,Yes
57,male,145451.99802908133,6,3,25.405029318934236,No,1,No
67,female,98751.30242884974,19,2,42.201940305484754,No,5,Yes
66,male,85078.46425011198,1,0,4.869165286151542,No,4,No
36,male,111998.52151631904,15,1,51.67700861015893,No,0,Yes
18,male,101206.2639510543,14,2,56.89069996578395,Yes,5,Yes
25,male,59608.288082745305,15,1,39.59900725971176,No,0,Yes
48,female,110029.21609982404,16,1,45.13823440536186,Yes,5,Yes
62,female,62288.36742299405,8,0,11.599760984373914,No,0,No
61,female,75731.26272823637,8,4,15.374675591389392,Yes,4,Yes
57,female,63103.41087873519,3,3,17.947239530515606,No,3,No
58,male,62665.05797,7,3,43.18221658955485,No,2,No
70,female,67880.23896589028,2,0,47.12201035128081,No,2,No
37,male,51457.026941215896,0,1,34.70864729334379,Yes,3,Yes
64,female,133283.82444481106,13,1,29.48843113399386,No,3,No
62,female,101074.3411777346,16,0,6.493322233995015,Yes,5,No
68,female,137935.35399175787,4,2,40.669349617999465,No,3,No
37,male,102019.83272979123,18,2,26.843285984669432,No,5,Yes
25,female,137252.2255773895,7,1,31.012353090360666,Yes,5,Yes
48,female,26647.59958747309,18,0,1.9033246109874205,No,4,No
33,female,109256.68875403889,4,4,48.75280312,No,5,Yes
61,male,88515.39030851472,7,4,38.23191420294302,No,5,Yes
55,female,103261.88548285973,10,3,42.43717379,No,0,No
45,male,71689.60921187318,19,4,23.581022287748507,Yes,3,No
36,female,100720.71377219605,9,1,22.32774183948691,No,5,Yes
34,female,95035.98528,14,4,7.820731026,No,3,Yes
63,female,136218.66230102314,4,1,13.569083870752587,No,0,No
50,female,22340.852228059084,13,4,26.30417897,Yes,0,No
39,female,103502.31836767956,19,4,47.40383709815921,No,5,Yes
22,male,132393.2692379471,6,1,44.12961059922951,No,5,Yes
53,female,37228.20745644029,14,2,52.88014333839108,No,2,No
19,female,46608.41417744692,12,0,31.68680945564128,No,3,Yes
39,female,136812.8786077291,3,3,12.526178690067894,No,5,No
64,female,39707.35972401292,13,2,17.190291539022134,Yes,0,No
66,female,69946.87268815402,10,4,30.7308685,Yes,4,Yes
26,female,107903.08306980642,7,2,20.97806251764532,No,1,No
27,male,33549.22437,8,1,30.115319886299783,Yes,1,Yes
52,female,56684.31971011602,15,1,54.36271588218714,No,4,Yes
46,female,35672.59413247973,0,1,25.49418488738132,No,0,No
26,female,128438.79761008786,3,4,7.0714002121780375,No,1,No
19,male,30199.256121226117,10,2,55.99561688705852,No,0,No
55,female,67779.47489789908,20,1,35.969067931929786,No,1,No
21,female,28796.887047000208,14,2,59.76362529694128,No,5,Yes
53,female,135718.3478614819,3,2,43.73879500388463,No,1,No
33,female,120972.37240417355,20,1,50.07175324700029,No,4,Yes
19,female,23144.929305876183,19,2,26.68227072707041,No,5,No
69,male,126312.09288140286,2,4,34.832477695984004,Yes,5,Yes
18,female,80939.83551038576,12,3,54.96697905988637,No,4,Yes
49,female,143685.01870992358,9,2,58.42862740298495,No,0,Yes
69,female,39168.82847181692,6,1,49.00291999,Yes,0,No
18,female,93461.09061885832,9,1,24.97797092125873,No,5,Yes
43,female,145381.9650071055,13,2,24.579822123059465,No,3,No
25,male,143559.69217478845,11,4,31.58080462,Yes,0,Yes
57,male,147208.31089058827,5,3,41.69959788096061,No,1,No
59,female,129174.29713263024,2,4,12.34843542608099,No,2,No
26,female,110354.57975161192,9,0,43.22841965823692,No,2,Yes
57,female,132061.88269544093,19,1,31.33939366469268,Yes,0,Yes
18,male,42734.58683287472,12,0,56.13787449168974,No,0,No
38,female,138400.121,7,3,41.31625539503607,Yes,0,Yes
54,male,81267.33176,6,3,35.47935937377799,No,0,No
34,male,84570.40496633305,16,1,30.051703793055808,Yes,0,Yes
43,female,43981.91290737312,15,2,2.1268527618698245,No,2,No
44,male,105839.35356117396,8,2,59.05192546840173,Yes,3,Yes
60,female,95087.13756455047,16,2,42.38045005831604,Yes,4,Yes
22,male,87622.08600039766,2,1,24.942913439816024,No,2,No
24,male,135300.23702720503,13,1,7.063326316337125,No,3,Yes
27,male,20191.596871220485,2,0,35.20851536484097,No,5,No
28,male,29500.60306351195,18,4,24.652045972546716,No,3,No
27,male,41017.28671080504,16,4,22.173252768637667,No,1,No
69,female,46524.632501756845,7,4,11.263692374077309,Yes,1,No
20,male,111709.9079368532,0,4,30.840597198283444,No,0,Yes
54,male,140650.87324238647,17,3,33.15395440790106,No,1,No
52,female,78466.17951857019,18,2,15.770075775501777,Yes,1,No
49,male,105342.21895309536,19,4,27.689638793187644,No,3,No
65,male,129114.0040062803,12,1,57.814521684269145,Yes,0,Yes
56,female,25612.58565361152,12,2,27.452441760953384,No,3,No
55,male,115749.57968352304,10,4,7.630776910013382,No,4,Yes
23,female,107940.83183942708,0,2,59.04036698686971,No,0,No
52,female,99401.40923984988,12,4,43.66037040215946,Yes,0,Yes
45,male,46322.472821480864,11,4,46.43125247889389,No,2,No
42,male,37093.58558673761,8,1,46.26947147342218,Yes,4,Yes
38,female,30519.506796662783,4,4,59.89379455227144,No,3,No
39,male,71367.01798949542,3,0,36.02526652133429,No,5,Yes
51,female,28885.91604029462,10,1,48.26867996333436,No,5,No
22,male,112695.98658246142,13,1,40.89328267375328,No,5,Yes
20,male,119588.42094958932,12,4,52.76127443538911,Yes,2,Yes
68,male,132488.4486581586,1,1,1.2881834951948647,No,5,No
29,female,58153.54701705581,16,2,59.991105424697615,Yes,3,Yes
52,female,48869.86319013168,15,2,13.878118728108133,Yes,0,No
36,female,64278.54165556792,19,1,18.873764905514957,No,0,No
54,male,127471.95676639336,7,3,42.75743924871849,Yes,1,Yes
54,male,63075.11092,14,1,53.06214200018352,No,4,Yes
39,female,92857.28203,18,1,17.408617885674403,No,5,Yes
38,male,62927.95843329468,19,0,8.907468764820514,No,5,Yes
53,male,124637.88098938702,5,4,49.434233603167016,No,4,No
36,female,113965.85941710288,10,0,32.46519339,Yes,5,Yes
46,female,132847.36971396854,5,4,28.37602526358915,No,3,No
70,female,102196.67997289318,16,1,6.833527217,Yes,3,Yes
35,male,115250.87657673644,13,1,22.019425478784584,Yes,0,Yes
47,male,47559.22711082555,17,3,15.200213793827238,No,5,No
69,male,32893.15294633807,15,1,56.19006464246351,No,0,No
52,female,78281.47719802489,6,1,47.98085529362526,Yes,0,Yes
61,male,78319.38202409053,0,2,13.02157366514668,No,1,No
39,male,57167.882601090816,3,2,26.428040002043986,Yes,2,No
65,male,95397.89236565708,19,2,19.047793982429678,Yes,3,Yes
56,male,36321.52791914494,14,4,42.01206914080027,No,5,No
68,female,41547.47137662027,10,0,56.02574193419581,Yes,0,No
70,female,109222.53556919268,20,4,33.69707140928268,Yes,3,Yes
38,male,135492.47740012856,19,1,5.977882889871797,No,2,No
45,female,101410.4617847383,19,4,25.433759360166803,Yes,2,No
52,male,27302.89005516707,20,4,17.094839669290902,No,4,Yes
43,male,56404.852841563625,1,1,35.422146693501375,Yes,4,Yes
57,female,31518.05585835024,5,4,54.70278264303202,No,4,No
18,female,37124.74054909305,19,3,13.847173585207296,Yes,3,Yes
50,male,87926.32354112649,19,3,41.61309987,No,4,Yes
45,female,143075.38476004143,1,1,41.78680439077851,No,1,No
51,female,134071.10606508263,6,2,23.843813175200125,No,5,Yes
27,male,55132.19997700182,12,4,40.22426145225998,No,4,Yes
45,male,145586.17566672806,13,4,44.05646018284719,No,2,No
19,female,100768.01837644933,11,1,46.00802623844226,No,1,Yes
69,male,26738.65388556477,14,1,32.23404665950447,Yes,4,Yes
21,female,120794.99955240762,10,0,7.630770005200024,No,2,No
67,female,38456.358668929206,18,1,51.33737292321023,No,0,No
23,female,75968.81400008698,11,3,31.02423006,No,1,Yes
32,male,124770.30201529076,5,4,47.55667058727664,No,0,No
44,male,135525.68043450182,3,0,13.961245869173752,No,3,No
65,male,143121.7867241075,19,2,59.53241111089002,No,2,No
64,male,63577.04615821345,20,4,25.65515580043897,No,4,No
19,male,149523.46389154217,5,3,13.579031951958967,No,4,No
51,female,61286.28338394516,4,0,15.05435669306135,No,0,No
26,male,129928.56718868788,9,1,28.90644502819101,No,3,Yes
48,female,129069.6526033414,7,3,43.19306983185936,No,5,Yes
66,female,72194.26106196747,7,0,58.80840858747535,No,3,Yes
51,female,22848.73274075117,11,4,49.936303355604814,Yes,3,No
31,male,102692.4860332405,0,0,40.28401883145989,No,5,Yes
20,female,22001.33592,7,1,23.36134415751377,No,4,Yes
55,female,95460.78812918048,20,3,48.540071179306544,No,5,Yes
61,female,79579.08339872534,5,2,3.452031048063255,Yes,4,No
54,male,50209.96199728622,2,0,4.68630592,Yes,1,No
20,female,69051.34701521507,4,2,6.361715763809254,No,2,No
36,female,52616.09593984332,15,3,18.27595913749296,Yes,5,No
62,female,77920.41303644583,20,1,24.27851662760101,No,4,No
63,male,71874.59129351651,10,2,43.54624261077121,No,1,No
61,female,114703.78803100972,14,0,14.350362714484614,No,4,No
69,female,98875.12421326674,4,0,2.2424092298228824,No,5,Yes
22,male,112331.5638210305,13,1,54.26921338249686,Yes,1,Yes
68,female,103955.40564517678,7,0,11.15965128599435,Yes,1,No
64,male,91064.26862,7,0,5.520721718,Yes,5,Yes
27,male,52903.200093349136,3,0,8.815668287,No,3,No
20,male,83318.04944646166,2,4,16.050512537110386,Yes,0,No
38,female,27511.472929527663,4,0,9.241849984,No,4,No
47,male,85963.55203331515,5,0,37.04465686,Yes,0,No
50,male,29330.854809446693,7,2,45.47232392065809,No,2,No
59,male,115477.71116982689,18,2,49.05934751469666,No,4,Yes
70,female,124576.83699833564,3,4,8.411321176,No,1,No
57,male,138251.4865,15,1,28.80798585219903,Yes,0,No
33,male,92992.99643473807,11,0,29.504944088364468,No,3,Yes
37,female,112875.14132926147,1,4,20.06846074158527,No,1,No
28,female,20496.589945615804,9,2,36.85345282199785,No,0,No
30,female,55849.78387,5,0,55.04016278815807,No,4,Yes
18,female,87934.95791377687,6,0,59.96860575795223,Yes,4,Yes
66,female,99768.53485,3,4,29.95780777481453,Yes,1,No
19,male,124905.51381491916,13,3,48.69311152738636,No,2,Yes
27,male,146299.2498171366,8,1,1.5906142229890494,Yes,5,Yes
43,female,25514.89876689592,20,4,57.76955670040149,Yes,4,Yes
64,male,98493.40888,5,0,24.97869391912613,No,1,No
65,female,141786.92006430193,11,4,56.08124690439468,No,1,No
40,female,56238.78341389189,2,3,19.34941321658236,No,1,No
25,male,75390.83990574829,20,2,2.4740608546291174,Yes,0,Yes
35,male,132680.14608578006,13,0,43.77094065365753,Yes,5,Yes
26,male,82665.33755457072,11,1,34.729053822634576,No,3,Yes
23,male,85899.65694,13,2,10.258119050196402,No,2,No
45,female,147010.90407706265,2,4,52.76703337831367,No,3,No
34,female,111921.24204467075,11,3,3.926016984985081,No,3,Yes
54,female,120311.4984,9,0,51.22440887436156,Yes,2,Yes
36,female,130992.03982160673,16,3,50.00751011647927,No,1,Yes
67,female,119033.76487910064,12,0,41.72009317,No,2,No
21,female,38492.41792933551,15,0,30.14476979927109,Yes,2,Yes
64,male,35098.06482606833,7,4,12.47334763175651,No,5,No
23,female,21434.064375724138,18,3,52.30737100620344,No,2,No
54,female,66425.75070906537,3,4,40.20258876850232,No,0,No
64,female,74941.79561,2,3,49.63181117,Yes,2,No
50,male,137836.86893477343,9,2,54.02139439160717,No,1,No
62,male,76169.99478274549,12,3,10.731107584311133,No,4,No
32,female,143039.34670955272,12,2,36.29306249637319,No,2,Yes
66,male,130794.3036708536,16,3,23.61988395428791,Yes,4,Yes
19,male,149570.59100088698,19,2,21.76385647317483,No,2,No
64,female,146645.27769612643,15,1,49.29700059201337,No,2,No
54,female,66425.75070906537,3,4,40.20258876850232,No,0,No
21,male,71115.37613362989,10,1,36.259178265015166,No,4,Yes
52,male,87393.04285287653,2,4,46.699752907287525,No,2,No
65,female,141786.92006430193,11,4,56.08124690439468,No,1,No
40,male,91234.73356658008,10,1,50.46557864743921,No,1,No
29,male,96782.91842,6,0,48.75622181930608,No,5,Yes
62,male,89021.89819,3,3,30.679581105864266,Yes,3,Yes
25,female,63184.83431,16,0,9.158707230880117,No,0,No
25,male,79539.44867046429,1,4,4.368590870083152,No,2,No
47,female,125446.09009135122,4,0,16.096479907920553,No,5,No
31,male,59425.76918378742,8,3,44.47276088933874,No,3,Yes
50,male,64894.45379183542,18,4,26.483193337603897,Yes,1,No
32,male,144744.96376173434,18,1,58.02697619475345,No,5,Yes
66,male,59379.04474831504,10,0,32.29502899930732,No,1,No
41,female,27356.13529907303,15,4,39.25883993670465,Yes,4,Yes
56,male,29322.54555019463,16,4,44.93122158182148,No,2,No
46,male,142940.7591100367,12,4,22.60067395779632,Yes,3,Yes
40,female,61115.11946480988,11,1,3.121979616591356,No,3,No
49,female,138198.62676200282,19,0,58.12432161091142,No,1,No
21,male,119595.0712634262,14,0,44.35094686996532,Yes,4,Yes
64,male,103828.2385229008,12,4,53.00320960707175,Yes,2,Yes
58,male,115925.0480284988,16,2,4.154064043684271,No,2,No
53,male,55997.58335911516,17,2,13.401326154411937,Yes,1,No
47,female,41550.69022122584,12,4,55.578808830376246,No,1,No
39,male,59512.526593153554,0,4,9.735525809840947,No,5,No
37,male,105404.17031472814,1,4,27.04873147358932,No,4,No
68,female,145254.9013153865,15,1,30.607402156890146,Yes,2,Yes
69,female,76790.59133997334,4,2,32.93305465159598,No,1,No
19,male,113383.05279836051,16,2,23.566583174373065,No,1,No
60,male,105455.95268211672,2,4,44.87254853607645,Yes,1,No
44,male,49607.465693417245,5,4,13.334429598071104,No,5,No
22,female,106640.19617848864,10,4,59.81165504805239,No,5,Yes
70,female,44197.666707935234,4,4,16.593685413651542,Yes,4,No
43,female,131584.4179838857,15,4,28.294007892161723,No,2,No
63,female,92623.51153855528,13,3,55.138441079452114,Yes,1,Yes
42,male,71281.91621,9,4,5.567281567100284,No,0,No
40,female,58549.62556739518,8,4,21.695879757608417,Yes,0,No
45,female,124468.45960739958,11,4,2.8492174626731366,No,3,No
36,female,60218.45332216167,1,0,15.36817199507264,No,4,No
43,female,54787.04797463629,11,3,45.10326526436613,No,3,Yes
62,male,29221.188097390543,14,1,39.32303455761597,No,5,No
56,male,147878.26028424376,16,1,58.394828397730194,No,2,No
46,male,33178.47668191069,8,3,51.180187466646935,Yes,2,No
25,male,117289.96545791008,6,2,48.329977521315534,Yes,5,No
25,male,83421.02571042711,14,1,27.003603423971548,Yes,5,Yes
32,female,140405.22889613165,9,1,21.015003091203152,Yes,2,Yes
34,male,45300.92653669946,11,3,38.28092939556623,No,1,No
19,female,120604.35524492033,12,3,11.318152235496896,Yes,1,Yes
50,male,64894.45379183542,18,4,26.483193337603897,Yes,1,No
62,male,58974.068583480665,3,3,29.008546500564563,Yes,3,No
20,male,44443.215500004095,9,2,11.46373033792483,Yes,0,No
52,male,77639.40186929441,20,0,43.76243152254478,No,1,No
58,female,109475.6506514308,14,0,2.045117185953952,No,1,No
58,male,28497.60048337008,11,2,28.328766742226307,No,0,No
30,female,105378.2882516924,9,4,5.270974497594311,No,5,Yes
28,male,105716.00988675177,16,0,26.48737291634301,No,4,Yes
54,female,60542.30152919482,6,4,43.42214714661058,No,4,Yes
19,female,24590.47614223108,1,3,14.971057541914629,No,5,No
33,male,32750.7355,0,3,53.69371073802588,No,5,No
60,male,28149.65081084256,10,2,31.93458136206714,Yes,4,Yes
68,male,133531.9791,3,2,10.591111149953491,No,1,No
41,female,53632.51348020732,15,4,10.418332649632967,Yes,3,Yes
33,female,139349.95178588957,12,2,55.10752998871898,Yes,0,Yes
34,female,20418.37426855623,9,1,54.45995479214512,No,0,No
36,female,64278.54165556792,19,1,18.873764905514957,No,0,No
57,male,42634.21359343096,11,0,10.75978897557615,No,3,No
67,male,102703.05741207024,19,0,11.192648618526384,No,3,No
29,male,21574.10178053537,14,2,45.46949041716565,No,4,Yes
37,male,122360.31347780328,17,3,10.067364012627564,Yes,5,No
34,female,68252.41504689158,20,2,46.72982622000804,Yes,1,Yes
53,male,100904.6244,10,1,18.54620659165739,No,4,No
64,male,36992.34897622593,1,3,43.52278160957405,No,2,No
22,male,58834.32457,10,2,45.03876997058109,No,2,Yes
64,female,100546.43413671784,20,1,45.223188289044025,No,2,No
51,female,142554.1614822346,18,3,46.263072388494585,No,1,No
39,male,61452.68638174805,11,3,50.29687324807874,Yes,1,Yes
56,female,40079.76713903209,0,0,9.355417454210416,No,5,No
20,male,31607.638188324483,19,2,38.20280582364252,No,0,No
40,female,75588.17338143385,11,2,2.061299762770872,Yes,1,No
43,male,25706.992543590663,0,1,5.297872555166785,No,3,No
61,male,145556.8809499186,13,4,17.23503663679601,Yes,3,Yes
68,male,147528.35916114907,5,1,32.02044986431031,Yes,4,Yes
45,female,148444.67560022694,13,0,42.42724914661733,No,1,No
18,male,33697.43989261134,9,1,14.72362787,No,3,No
28,female,118670.68672785105,19,3,56.17435577022065,No,5,Yes
70,female,40803.24174021522,3,3,51.06778656,No,5,No
26,female,84856.43638967245,7,4,48.11057033,No,1,Yes
61,male,118307.7698,20,3,29.54714823196017,No,4,No
69,male,27519.77842813088,6,1,39.46021752520875,No,5,No
34,male,133648.92820907285,4,3,1.0748165380139243,No,2,No
56,female,95714.94556694204,7,0,31.282369769656093,No,2,No
21,female,68691.87531261577,17,2,32.93102218,Yes,4,Yes
25,female,76266.08029,10,0,19.039611523230107,No,0,No
47,male,108350.64325556402,16,4,44.03551147486589,No,4,Yes
32,female,77122.64866027879,14,0,8.352288728,Yes,1,Yes
53,female,51290.052538225646,2,1,13.879883596879225,No,3,No
18,male,96386.16324422225,6,4,38.915048177444966,No,4,Yes
34,male,37397.68718996011,3,1,10.656864160053944,No,5,No
69,female,134136.66165785905,0,1,26.768711252977425,No,4,No
26,male,77709.52908582913,1,2,27.406627079970352,Yes,1,Yes
48,male,129003.93839959324,4,4,53.75674736,No,2,No
20,male,127256.42332340807,20,1,30.50200101860687,No,3,Yes
28,male,27494.185685873235,11,1,45.98422679,Yes,0,Yes
22,female,124870.1575603161,0,0,4.228136315184757,No,0,No
39,female,71019.56421,19,3,28.97202247469375,No,1,No
26,female,128438.79761008786,3,4,7.0714002121780375,No,1,No
41,male,139958.43476674127,18,3,32.81227369130434,No,3,Yes
38,male,49299.56484087955,8,3,49.249517404775744,No,0,No
48,female,102674.1119312847,3,2,25.017529983359832,No,0,No
69,male,103425.47164881256,3,0,40.66728178962483,No,5,No
19,male,54950.95686968516,17,4,27.79865077,No,2,Yes
18,male,37122.953715282165,5,1,51.41284991,Yes,5,Yes
55,female,65884.60544880635,3,2,38.10351552038501,Yes,3,Yes
50,male,115876.0867296709,10,4,53.80951699054886,No,4,Yes
28,female,110430.3590445849,6,1,42.82889176030288,No,4,Yes
64,male,72557.66714313297,15,3,55.609397542226034,Yes,4,Yes
63,male,76497.47491163254,17,0,59.621112196333904,No,1,No
44,female,90784.60468350246,15,0,46.44349717334252,No,5,Yes
23,female,68006.50012802033,18,0,40.55635325166805,No,4,Yes
63,male,23531.764759322778,8,0,49.00890597468117,No,2,No
39,female,22203.19643564553,3,0,37.358198310506125,No,4,No
68,female,137794.43027722463,4,0,41.775246333177215,No,3,No
22,male,69899.05479584733,19,1,3.7862677131905342,Yes,0,Yes
20,female,119999.00921895738,12,0,12.603366711028128,No,3,Yes
26,female,144157.86649304855,18,0,7.185309085153488,No,1,No
18,male,46262.03689,19,0,32.655010895213444,No,5,Yes
58,male,62665.05797,7,3,43.18221658955485,No,2,No
27,male,56955.632080577176,3,1,50.36705148248336,No,0,No
50,male,46634.56563959264,13,1,9.218837983766944,No,2,No
64,female,59812.97070225952,12,0,20.700245820066684,No,0,No
37,male,84773.23869424897,2,4,8.540898817262581,No,2,No
42,male,96535.09787707156,13,1,56.91840533989674,No,4,Yes
53,female,83384.25517753996,17,1,29.72286450453297,No,5,No
39,female,67538.49727397827,19,1,26.848587410964416,No,3,Yes
18,female,54456.03568225052,13,4,4.271268906526643,Yes,2,Yes
62,male,122297.44021318835,12,0,20.01716464369607,No,3,No
26,male,103707.553,17,1,12.223447918388116,Yes,3,Yes
42,female,100218.64709531415,7,3,55.31706006593577,Yes,3,Yes
22,female,114814.82323143951,16,3,38.04396573412399,No,0,Yes
30,female,71294.88982769403,2,4,29.53775856566084,No,3,No
53,male,137989.43033235217,16,0,41.22534436951882,No,4,Yes
23,male,88561.95087594792,17,2,57.82255372297035,Yes,4,Yes
39,male,115006.72544749489,9,2,2.665496819391676,Yes,1,Yes
23,male,22485.092275869323,10,2,31.83985778998846,No,3,Yes
58,male,21580.380292060287,7,3,7.8087746,No,1,No
59,female,52058.47255,19,1,25.939451602103198,Yes,2,No
31,female,124452.7566,5,1,14.59330922,Yes,2,No
69,female,53488.93864338384,5,3,47.053790823435456,No,0,No
53,male,139699.65910023646,6,1,48.71878541836895,No,2,No
41,female,114440.02296469062,12,3,6.637987133541778,Yes,3,Yes
25,female,126914.9085768762,15,2,56.51191447,No,2,Yes
50,male,149406.87710487028,13,4,12.504807513740166,Yes,4,Yes
58,female,20175.97134301086,5,1,31.687956019296408,Yes,1,No
41,female,30478.196788426205,2,2,36.26031395226512,No,3,No
65,female,102495.71428153948,16,0,1.8480041548888808,Yes,0,No
51,male,144345.1817789324,20,3,15.949384530930734,Yes,3,Yes
48,female,112211.70770143924,2,0,45.11433032677228,Yes,0,No
69,male,84247.61814,9,4,48.33270157487173,Yes,2,Yes
30,female,116446.52250463296,12,4,49.26814593098315,Yes,2,Yes
50,female,88040.81847866764,17,4,2.455527317888742,No,5,No
44,female,75891.04006071926,19,0,12.243986744514435,Yes,5,Yes
41,male,61179.018018778464,11,4,40.37257913039391,No,5,Yes
68,male,99988.74325907428,7,2,45.98950822875655,No,5,Yes
52,female,142725.47219730171,15,1,12.36877458688511,Yes,5,Yes
49,female,87244.97733740922,13,0,24.027437285553457,Yes,3,Yes
35,female,132525.02893119177,4,3,59.51807575535419,No,3,Yes
20,male,97867.20606303736,6,4,7.6086910710241344,No,3,Yes
41,female,77725.68739628638,1,2,52.22398147095976,No,3,No
40,female,122134.71035043016,11,4,37.69686661553857,Yes,0,Yes
49,female,70898.34076311781,12,4,25.71682421230772,No,4,No
70,female,30423.401830647446,16,4,1.2336366377164223,Yes,5,No
19,female,132592.4323695199,20,3,25.88796029583655,Yes,5,Yes
23,male,142301.98766540404,6,4,48.59991040787252,No,5,Yes
41,female,65461.419866960445,0,1,50.12893103461578,Yes,0,No
35,male,89983.15262324274,11,1,38.53188639595587,No,2,No
22,female,58552.78858677099,16,2,23.86985289,No,2,No
56,male,61794.441162224655,20,2,53.10839012,No,2,No
19,male,49954.16607525549,20,2,6.822428437835316,No,2,No
28,female,66413.81471610158,8,1,14.412002193131618,Yes,0,Yes
68,male,74443.13147964099,8,4,8.388571512096057,No,4,No
48,female,139273.15960715874,8,0,6.339282354656138,No,5,No
19,female,100078.10853382328,11,0,54.84369658610351,Yes,0,Yes
28,male,28430.967282785885,4,0,15.378784502356217,No,3,No
26,male,21484.337849029573,9,3,19.582171653206807,Yes,5,Yes
32,female,48084.96372624795,16,0,49.19652708074593,Yes,2,Yes
31,male,102732.17812384292,5,3,34.37877953818318,No,3,Yes
63,male,124000.4526292786,10,1,1.576983438,No,3,No
40,male,49200.02953970075,1,4,6.120194289834439,No,2,No
58,female,103739.39879186908,10,3,20.24025734168881,Yes,4,Yes
38,female,57705.91916,5,1,50.67702815543535,No,4,Yes
65,male,28964.542126334756,10,2,18.168963984315123,Yes,0,No
56,female,65346.66941603231,1,1,42.76851402865969,No,3,No
27,male,33327.07532864168,5,3,22.436031753087214,No,5,No
42,female,120508.4436094273,20,4,27.334920186365636,No,3,No
59,female,110170.34747159338,12,0,26.141219887376646,No,2,No
31,female,143693.79232298234,9,1,5.325043269,No,4,No
62,male,79728.07989277826,0,1,31.25728638367338,Yes,2,No
68,female,128657.37062836708,15,0,35.70047869704629,No,3,Yes
23,male,80098.42293007893,16,3,18.668005712121023,Yes,5,Yes
25,female,43949.2291,14,4,51.73650213682114,Yes,4,Yes
52,male,112018.56263986992,11,4,48.23163020247812,Yes,3,Yes
47,female,58647.802739953375,6,0,47.64348560877816,No,5,No
49,male,33246.10311348178,14,1,3.376597097,Yes,1,Yes
36,male,127701.0089283852,10,1,53.35905975439678,No,1,Yes
68,female,137935.35399175787,4,2,40.669349617999465,No,3,No
26,male,109980.97442023717,4,0,34.79287144435012,No,2,No
61,male,118307.7698,20,3,29.54714823196017,No,4,No
35,female,89415.77143120929,15,2,1.6225465721381322,No,2,No
24,female,126755.77673152943,6,1,16.808622256304027,No,4,Yes
67,female,38456.358668929206,18,1,51.33737292321023,No,0,No
34,female,102767.05868173696,12,3,57.28226839905812,Yes,5,Yes
30,male,85709.16532835849,5,3,10.65337283581075,No,5,No
36,female,135712.6145738951,15,3,23.65287352534516,No,5,Yes
64,female,63629.35905507955,18,1,23.77985214141157,Yes,4,Yes
27,female,32549.481125407307,19,1,19.970447521462106,Yes,3,Yes
34,male,20679.84976057865,15,3,25.408655882691797,Yes,4,Yes
20,female,148048.65529831377,15,4,21.14669499,Yes,2,Yes
28,female,20496.589945615804,9,2,36.85345282199785,No,0,No
69,female,74463.21272437181,3,1,21.94094085711296,No,2,No
42,female,123123.97555697308,6,0,49.27058928654028,No,1,No
50,female,49158.15282705586,13,3,32.589386795176594,No,2,No
69,male,32088.78317700718,14,1,9.473661306060158,No,1,No
59,male,51043.507479600106,12,1,40.66854779092903,Yes,0,Yes
65,male,73442.42833809185,13,1,55.866200050371056,No,3,Yes
29,male,111152.08200673376,10,3,7.327563176254918,Yes,2,Yes
46,male,94330.40576628188,6,4,45.63581087,Yes,5,Yes
62,male,97786.47295870863,9,2,27.76079576729531,No,1,No
38,female,94558.76368922452,19,1,43.90883975669361,No,0,Yes
47,male,78545.62725770364,7,3,5.656861447266327,Yes,5,Yes
23,male,51446.12823467559,1,1,9.836850769,Yes,0,No
37,male,122519.94540741284,5,3,21.34141624709257,No,5,No
52,male,25838.46886943006,9,4,2.019994641038429,Yes,0,No
50,male,100181.86902083036,0,1,24.70699405750001,No,3,Yes
48,male,35383.70482004035,10,1,53.03655775329584,No,3,No
51,female,85676.88056496296,7,2,8.047484154,No,5,No
66,female,77089.47616238728,3,4,51.09358179153721,Yes,2,No
33,female,33246.01044858176,13,4,39.84557612724547,No,1,No
69,male,83842.44481981147,15,1,28.34953365523413,Yes,5,No
50,male,84002.31240015365,2,2,44.23976972015001,No,2,No
22,male,123245.65306602095,14,3,2.093342782065664,No,4,Yes
30,male,58066.864771125416,5,0,20.80526163792766,No,2,No
50,male,136032.5695732417,3,1,36.50775456934982,No,1,No
65,female,124661.74140443616,11,1,14.46178891130344,No,3,No
61,female,39763.23090672425,5,0,19.108933305892723,Yes,3,No
70,male,119425.2741173894,4,3,45.35588065466813,No,5,No
47,female,61817.09865574132,12,4,8.696633186673465,Yes,4,Yes
38,female,41703.90153713583,9,3,57.627243399825176,No,4,Yes
59,male,69454.60098,14,4,57.93078748860773,No,0,No
59,male,24682.44637788543,4,3,45.10823056,No,2,No
41,female,102836.19198507644,6,2,2.130905363973689,Yes,5,Yes
24,female,69282.22633,16,4,10.995921723501572,No,2,No
45,male,122766.27325573504,16,1,38.295223278492365,No,5,Yes
50,female,24369.768023826746,3,3,56.15868974671601,No,5,No
43,female,68865.47706895001,14,2,37.56512342,Yes,3,Yes
60,male,111906.9433692431,15,4,9.568276174999694,No,0,No
51,male,49383.769716079965,1,0,29.718311852786616,Yes,1,No
64,female,116317.52729976928,8,3,50.62533122739333,Yes,3,Yes
31,female,34265.70582807546,7,1,16.363783418486598,No,3,No
55,male,74153.55770269799,12,1,7.286523585750666,No,5,No
64,female,55242.51298932855,0,2,56.05158153090256,No,5,Yes
32,male,87474.19641684134,13,4,26.821131856798523,No,5,Yes
45,male,112826.85403915647,3,3,24.12788458945976,No,0,No
26,male,75855.38565606155,2,0,16.88219462892501,Yes,2,No
22,male,121637.10223484164,2,3,7.814846103231505,No,5,No
64,male,22512.59201928813,3,3,58.51142076180437,No,3,No
69,female,74463.21272437181,3,1,21.94094085711296,No,2,No
52,male,80332.37073,4,1,52.55388673477296,Yes,5,Yes
20,male,83318.04944646166,2,4,16.050512537110386,Yes,0,No
61,male,44075.42382277083,18,0,55.75283996703348,No,0,No
54,female,105362.03958202388,11,3,9.427908548,No,1,No
64,female,84680.18078,2,2,34.02794760860609,No,1,No
65,female,67090.60741479749,12,1,41.69768359,No,1,No
23,male,107292.2893267369,10,4,32.34086176235618,No,0,Yes
18,male,47643.76893,15,0,7.269688382751354,Yes,5,Yes
19,male,137376.34937495834,12,4,7.494351850682374,No,3,Yes
20,female,122036.60702449078,17,4,38.46085407694688,No,3,Yes
36,male,49670.59725418089,19,4,35.820075645334896,No,2,No
45,female,145322.2629253013,16,3,34.37060813713456,No,0,No
20,female,134117.9101597653,10,3,31.69368567,No,4,Yes
41,female,64051.88441,18,0,16.152972225785927,Yes,0,No
46,female,108414.54510810644,8,3,18.25838620012083,Yes,0,Yes
34,female,134420.37592979305,15,3,19.72005004277841,No,3,Yes
41,male,28476.596863863968,2,2,13.809090538723533,No,5,No
36,male,68244.68199591662,19,2,1.5557715023742742,Yes,3,Yes
24,female,76888.40612720096,15,2,39.96290689,No,0,Yes
51,male,34832.45203543134,14,2,29.297880707923028,No,0,No
22,female,104911.1627690668,6,0,27.393682391331915,No,3,Yes
55,female,127216.6209,16,1,47.92198309381337,Yes,1,No
53,male,20715.753890854707,11,1,23.981445530779112,Yes,5,No
24,male,98139.64168403028,11,2,37.69426729164584,No,5,Yes
69,male,126181.33064573268,1,2,4.216201504740693,No,0,No
62,male,25060.89523233677,13,3,26.599394860643287,No,3,No
18,female,128120.61567785055,10,3,31.984079752586076,No,0,Yes
50,female,39521.97010621542,6,0,13.846005081293075,No,2,No
32,female,144193.50924551068,18,0,36.533121840258175,No,3,Yes
60,female,122703.95671991796,20,4,36.57068007372068,No,4,Yes
45,female,120618.87915985912,12,1,17.93222116882105,Yes,5,Yes
26,male,21175.000980307985,12,1,15.42788613607366,No,5,No
47,female,54762.26362148037,9,3,53.36497255585841,Yes,4,Yes
57,female,54355.91421062311,12,2,45.67415806,No,4,No
27,male,33327.07532864168,5,3,22.436031753087214,No,5,No
49,male,57601.82035644509,7,3,19.67082002,No,5,No
55,female,76809.46513653072,3,4,31.50337070937281,No,0,No
54,male,122568.07078970314,2,1,51.94985137690028,Yes,1,No
52,male,28664.765272889694,16,3,47.54669441298389,No,5,No
57,female,31518.05585835024,5,4,54.70278264303202,No,4,No
49,female,70898.34076311781,12,4,25.71682421230772,No,4,No
58,female,81820.98487328747,14,2,55.25845957365638,No,0,No
41,female,27551.95377044547,14,4,7.884658076218089,No,2,No
57,female,50546.54264947386,12,3,26.222945897966326,No,5,No
48,male,61203.05641284551,13,1,24.81392782092393,No,3,No
29,male,139539.03320528648,11,0,34.92915472603948,No,4,Yes
54,female,47391.64530273641,15,1,53.26940475216208,Yes,4,Yes
18,male,147548.68513293687,6,0,52.66998979269017,No,5,Yes
60,female,131349.8390872305,12,1,36.54402548182512,Yes,3,Yes
54,male,93452.85907,2,2,17.01442099228714,No,2,No
21,male,84513.63787,14,0,38.11966320424883,No,5,Yes
56,male,60865.51471388729,2,0,42.10853408118886,No,4,No
66,female,90659.96825,7,2,50.89288340584086,No,5,Yes
35,female,53775.71713685445,18,0,24.39884388879345,No,3,Yes
64,female,121448.89606422745,18,3,36.72122463,Yes,4,Yes
54,female,117167.77285757022,3,2,19.036426012818826,Yes,4,No
27,female,55283.21945807287,10,2,16.841790117917284,No,0,No
24,male,101106.4587,16,1,16.0012905,Yes,0,Yes
64,male,64250.32355308574,12,0,19.609567084262327,No,5,No
66,male,124009.22593089074,7,4,52.24461701636442,No,0,No
18,female,95046.27380030706,5,0,30.992973766310943,Yes,2,Yes
47,male,95178.79192464688,19,0,27.928392943033035,No,5,No
20,male,129291.3936,11,2,56.48933471226764,No,0,Yes
31,male,35780.23436072284,20,1,14.162093737209515,Yes,0,No
44,female,146500.16118640327,13,0,16.025039499514364,Yes,2,No
63,male,124000.4526292786,10,1,1.576983438,No,3,No
60,female,99682.14572428832,19,3,22.58805861845065,No,5,No
36,female,20567.22505454018,13,3,28.83022724658136,No,0,No
42,female,141860.44864462546,15,4,49.20931885083891,No,1,No
55,male,45752.69225876621,3,2,43.179007846560026,No,1,No
19,male,106658.0622760605,19,4,1.2309322383880477,Yes,5,Yes
22,female,25463.207772282687,2,3,43.64335188463694,Yes,4,Yes
61,female,118945.79981561056,4,0,19.62754665645883,No,0,No
47,male,85081.15484915432,7,3,18.001706850153127,No,0,No
65,male,56305.89149907336,11,2,36.669872505236285,No,4,Yes
23,female,45458.300937455104,3,3,33.410255545974884,No,3,No
41,male,84539.94980618896,15,0,2.7210236451538545,No,3,No
45,male,31022.96208595442,16,2,55.34748893066967,No,2,No
39,female,53820.51282506665,8,3,23.541179068152363,No,2,No
29,female,110297.4055429271,19,1,20.528524908600776,Yes,3,Yes
21,male,58640.91500212024,17,0,3.244901520295364,Yes,5,Yes
61,female,47194.11050303062,3,3,47.76886179811329,Yes,2,No
70,female,67880.23896589028,2,0,47.12201035128081,No,2,No
54,female,96629.01863301064,10,0,42.63978401118211,No,3,Yes
47,male,47559.22711082555,17,3,15.200213793827238,No,5,No
64,male,38477.826093149495,17,3,6.394149862840845,Yes,1,No
42,male,74528.23921445076,19,4,4.805544762507147,Yes,1,No
48,male,61203.05641284551,13,1,24.81392782092393,No,3,No
25,male,45905.14374068411,20,4,41.711523612498624,No,1,No
61,female,33701.11835401468,6,0,27.85232963,No,2,No
63,female,130496.79829248606,1,0,7.114566862,Yes,4,No
32,female,88855.76411293058,9,3,31.749249769898714,No,5,Yes
56,male,24773.77712510675,7,2,22.24587821614468,No,4,No
49,female,98244.60665272188,14,4,31.37226986105493,Yes,5,Yes
41,female,112640.77330280669,5,3,6.8860499044677015,Yes,1,No
33,female,92502.14741250571,8,3,40.649165968651566,Yes,0,Yes
21,female,123108.57361957611,11,3,3.456997318058839,No,1,No
38,female,129766.42075615008,14,1,41.52954466520711,No,4,Yes
35,male,106630.10376516684,8,4,54.55729721423304,Yes,1,Yes
53,male,143788.8321406873,0,3,8.341618268858557,No,1,No
49,female,74308.92730576296,13,1,56.13079279370831,Yes,5,Yes
19,male,120829.54062029257,20,4,17.138979711114278,No,0,No
52,female,144359.90074084955,9,4,8.709685194,No,5,No
55,male,25686.07940016316,15,2,23.929225790819064,No,3,No
22,male,69652.15315487646,2,4,13.131667774261125,No,1,No
43,female,119783.79170732938,10,1,31.62227992113479,No,5,Yes
22,female,117323.8804,18,4,42.65313069699829,Yes,1,Yes
68,female,117945.62989340596,13,1,47.27993427,No,2,No
59,male,138961.70889291563,13,3,21.158799855288795,Yes,1,No
46,female,31968.70819072181,16,0,15.333776339535593,Yes,1,Yes
53,female,147921.71121736034,10,3,22.23955270796441,No,0,No
37,male,48326.03205314871,14,1,40.65109988981635,Yes,3,Yes
62,male,122297.44021318835,12,0,20.01716464369607,No,3,No
70,female,34883.39294856766,18,1,23.37772011192513,No,0,No
67,female,136028.0277,20,2,11.230367906161042,Yes,4,Yes
30,male,51183.634658272815,17,1,27.74278018454626,Yes,0,Yes
45,male,71367.90662436142,9,4,27.40251462081527,No,3,No
70,female,52791.33262253701,1,1,11.821994966379409,Yes,3,No
46,female,71476.16144611913,18,1,36.36215664101236,Yes,3,Yes
66,female,40038.855613203326,4,1,52.41782396368591,No,1,No
46,female,118054.44653511296,6,1,1.2422659709494588,No,2,No
21,male,59545.83355271651,10,1,12.087631514553928,No,0,No
55,male,70438.27879309304,14,1,36.464378876381865,Yes,5,Yes
31,male,96846.93942360714,15,4,37.03317499903258,No,1,Yes
39,male,141979.62639830273,3,3,13.417120658415522,No,1,No
49,female,138198.62676200282,19,0,58.12432161091142,No,1,No
49,male,34043.348036989875,9,3,6.2995056361106805,No,2,No
58,male,134850.4191881879,12,0,33.37801169651769,No,3,Yes
31,female,47872.84279,5,3,40.87766474698243,Yes,2,Yes
47,female,145165.34641962335,2,0,12.150153938299333,No,0,No
25,female,96745.19975964048,5,1,37.82269178269361,No,0,No
45,female,46170.57401691632,9,2,27.36023691398448,No,0,No
41,female,112003.77553477856,18,0,12.183775003679488,Yes,3,Yes
42,female,68609.73611166577,12,3,23.39636203045161,Yes,5,Yes
20,female,123037.36511748984,10,3,48.13796516223066,No,2,Yes
41,female,64051.88441,18,0,16.152972225785927,Yes,0,No
32,female,43609.81580835834,12,4,40.32502407533764,Yes,5,Yes
61,female,83180.06419368839,8,3,20.33708632787156,Yes,3,Yes
66,male,69966.15500813753,7,1,14.801446425983707,No,3,No
65,male,124199.82454478864,14,3,59.69172231986046,No,5,Yes
62,female,86645.11790885688,6,2,58.72151765295762,Yes,1,Yes
36,male,27738.21104521032,1,0,22.334831787097983,No,0,No
28,female,91055.02846419832,20,2,47.96194028643584,Yes,3,Yes
42,male,74762.24692822936,15,3,21.37060857136613,No,2,No
25,female,141280.23213405738,0,4,18.041525454173296,No,1,No
22,female,69467.30228308629,20,2,22.847290920037747,Yes,0,Yes
68,male,52087.103,2,0,59.01984600717378,No,3,No
66,female,141127.98352626612,0,1,1.1288644285776774,No,3,No
28,male,143620.71728533128,0,4,25.581526207411283,No,3,No
25,male,99811.36601880802,4,2,13.38516469913504,No,4,No
54,male,86646.80437433414,10,0,12.741666370496109,No,2,No
39,male,143600.45200507395,19,1,5.721077915703081,Yes,5,Yes
43,male,144286.12866955128,5,4,38.391491144229846,No,4,No
56,female,69481.02815195541,17,0,11.065466352677015,No,0,No
65,male,140429.73887491127,18,2,39.95981400033353,No,4,Yes
24,female,146187.95090326673,13,4,39.59057562,Yes,1,No
18,female,111861.88308423223,5,2,31.027565079547887,Yes,3,No
56,female,108429.61129708592,20,2,29.53090055652818,No,1,No
62,male,83471.34781283117,0,4,41.67561089840815,No,4,No
68,male,124514.60598182764,5,3,38.16247161080756,No,4,No
37,female,111293.63958411636,18,0,31.78099628064818,No,4,Yes
67,male,40127.71963770358,16,4,51.17533977305676,No,5,Yes
24,female,82795.16068,13,0,35.98597935707849,Yes,3,Yes
34,male,21573.40518089397,0,4,16.762750492691403,Yes,5,No
26,female,98453.39665753912,7,2,37.05734986946352,No,0,Yes
46,female,34428.63099775254,12,1,11.881676244471633,Yes,1,No
38,female,23355.547903433308,12,3,51.64149547507456,No,5,Yes
18,female,111861.88308423223,5,2,31.027565079547887,Yes,3,No
34,female,146881.79702629778,2,3,11.455688355848729,No,4,No
66,male,127577.4598738194,14,4,26.180631959441243,No,5,No
47,female,145909.85312098596,14,2,18.13172453667521,No,3,Yes
33,female,53713.53665122228,10,3,8.416648484214825,No,1,No
30,male,108025.68316555122,0,0,59.56490735871935,Yes,4,Yes
65,female,28899.633513365145,1,0,1.1717913521935357,No,1,No
62,female,87062.04735260266,7,0,21.12781022,No,3,No
40,female,127575.82158351876,2,0,35.550645902530924,No,0,No
28,male,64992.96444991212,17,1,21.519161779884342,No,1,No
30,female,131433.30340983788,1,4,8.40934406,No,0,No
43,male,76162.46058728578,10,1,39.71456313713853,No,1,Yes
19,female,140799.647,17,1,41.42688577,No,5,Yes
40,female,72373.52674224283,9,2,30.45102016249704,Yes,0,Yes
42,female,35733.250063075095,10,4,5.153916381748336,Yes,0,No
24,female,46036.662322791366,11,1,42.32683706003712,No,1,No
63,male,79701.18408760455,7,2,44.77932466090586,No,4,Yes
39,female,55921.48410056097,17,4,33.41628812502245,Yes,0,No
19,female,52289.86913661698,4,3,35.858136618834955,Yes,4,No
27,female,149716.71123865718,16,3,48.04287153,No,3,Yes
30,male,147553.1187790983,7,3,41.22176617432818,No,2,Yes
57,male,131153.92621059157,20,3,31.169006297971837,Yes,1,Yes
63,female,144383.9760129572,20,4,52.21003187812574,Yes,0,Yes
66,male,73432.73978452095,10,4,47.54776231216068,No,4,Yes
42,male,48710.86178519116,13,4,53.05013849639244,No,0,No
33,female,124648.56995850008,4,4,22.28757237130215,Yes,3,Yes
51,male,98454.10248563922,4,0,22.03992585958878,No,2,No
28,female,98382.57394,16,4,41.41535911312754,No,0,Yes
27,male,87789.75303379135,11,3,17.74881271385208,No,1,No
70,female,77257.37554061512,7,3,25.869159768107146,No,5,No
30,male,87268.02572815536,12,3,6.619687104,No,4,Yes
60,male,127807.28391117822,17,0,44.68231951952016,No,4,Yes
39,male,134650.60857960372,3,3,40.48668195477581,Yes,5,Yes
18,female,138891.32630031265,15,2,21.576913596369213,Yes,4,Yes
23,female,45458.300937455104,3,3,33.410255545974884,No,3,No
37,female,72468.13030700685,2,2,10.376561243806124,No,4,Yes
66,female,46693.28203188397,14,3,19.033261313334823,No,3,Yes
56,female,72387.42323947098,16,2,5.422642565,No,2,No
22,male,34919.95334299827,15,0,25.007007452047045,No,3,No
65,male,124343.63027344237,16,2,21.751486569393485,No,5,No
26,male,138229.09942184144,12,4,54.45512519161743,No,1,Yes
53,male,108115.71604030576,11,3,18.38159664348691,Yes,4,Yes
49,male,21612.524716050924,3,0,8.506268329283632,No,3,No
61,female,90303.18814812075,7,1,57.68893560773112,No,3,Yes
20,male,143199.4433753812,14,4,39.75209863421849,No,4,Yes
60,male,56120.86089,12,2,52.792991349977285,No,0,No
47,male,142815.71364180034,3,3,25.44529382719225,Yes,2,Yes
67,female,97696.87675,11,2,52.36961662464493,No,5,Yes
70,female,59690.387970575066,2,0,46.616893813070575,No,4,No
68,female,60677.96124777427,0,2,58.16910386285568,Yes,4,Yes
61,male,71826.19361,11,2,6.724074875988277,No,5,No
18,male,59728.54801372794,14,0,44.32665208478245,Yes,1,Yes
46,female,133864.8008572174,14,2,24.60174852319119,Yes,1,No
19,male,145726.45998369216,10,0,37.71587576536755,No,0,Yes
22,female,99634.55088482649,17,0,14.043221616025518,No,5,Yes
49,male,145634.26016263297,7,4,7.207953759052014,No,4,No
45,female,79870.13465,8,4,28.55405412478276,No,4,No
22,female,26497.273725758238,6,0,17.469503860115964,No,2,No
67,female,21081.59248953496,3,1,48.48513622049185,No,4,Yes
41,female,27551.95377044547,14,4,7.884658076218089,No,2,No
29,female,26264.181611128508,10,0,14.005835208664225,Yes,1,No
70,male,29828.65528,14,3,44.85437403822052,No,3,No
65,female,81396.63454118762,20,0,45.26603793883453,No,2,No
37,male,105301.0388985393,3,1,53.33552192237075,No,2,No
29,female,128078.55687014227,12,0,42.26369971825467,No,4,Yes
58,male,64879.00856421997,17,4,57.34872804044795,No,4,Yes
56,female,24884.24175185796,14,3,34.29272660227248,Yes,1,No
52,female,119368.44608882569,6,2,54.46211463152128,No,4,Yes
35,female,66515.83093476135,5,4,16.422441677063297,No,0,No
20,female,99727.91903535929,1,1,49.42957396558621,No,1,Yes
50,male,74383.40233329641,13,1,52.09536825015686,No,2,No
54,female,30322.856003593835,10,1,5.665485237622239,Yes,4,No
46,male,68222.33106050947,4,1,48.64463907,Yes,5,Yes
35,male,51093.413548070326,11,3,59.00081727727441,Yes,3,Yes
64,male,23067.345403918785,4,0,47.13402220750432,No,0,No
44,male,36622.684158914286,11,0,25.207275373692845,No,1,No
23,male,126812.79670236132,15,1,17.17567822266571,No,1,No
34,male,30624.294947081173,19,3,38.48063425418577,No,5,Yes
45,female,23275.14381469982,19,4,12.837293318647834,Yes,3,No
54,female,25129.73927581691,20,2,57.34635225708844,No,3,No
26,male,107451.38924715674,19,1,39.902085849451794,Yes,1,Yes
28,male,39105.15224646726,10,1,36.97165461372451,No,4,Yes
21,male,81251.82686,11,4,6.7017944657274136,No,2,No
36,female,44907.08294552735,19,0,47.6084955,No,1,No
69,male,32088.78317700718,14,1,9.473661306060158,No,1,No
31,female,38101.898245287375,19,4,27.934022465150445,No,5,No
41,female,30478.196788426205,2,2,36.26031395226512,No,3,No
54,male,67832.29766927098,17,3,59.32093858472148,No,1,No
69,male,126181.33064573268,1,2,4.216201504740693,No,0,No
51,female,125070.57730119888,7,1,15.891701181586924,No,3,No
27,male,65252.42711187745,19,2,56.72335758504024,Yes,5,Yes
41,female,49727.98134846914,14,2,30.39372445413944,Yes,2,No
57,male,115636.20485109468,7,4,2.699269652244604,No,5,No
43,male,129388.1819010188,14,0,32.226779440471816,Yes,3,Yes
55,female,86155.77222683726,15,4,7.259414997161641,No,4,No
32,female,105104.58929257408,6,1,36.33410259068171,Yes,0,Yes
37,male,74954.7228,15,3,3.911624258147855,No,0,No
64,male,92958.96247672824,19,3,31.040319968193558,No,3,Yes
69,male,21638.97759684868,4,2,18.51684478181453,Yes,2,No
21,male,144531.43573738018,19,0,35.548116316349365,Yes,4,Yes
40,male,145714.5858,15,4,17.809881900593712,No,3,No
68,male,85400.91360137874,5,4,27.49592016789069,No,5,No
46,female,104305.62661542946,8,4,28.62037457037341,Yes,4,Yes
50,male,53620.70853544504,7,4,54.04241497631955,Yes,5,Yes
34,female,46489.63968659958,19,4,58.98874695346981,Yes,4,Yes
22,male,82842.96667650907,2,3,43.368002539405325,No,3,Yes
56,female,115299.26848385773,1,1,35.196206917347766,Yes,5,Yes
60,male,84072.39597816806,4,4,23.197533323310275,No,2,No
50,male,51462.87039751404,11,0,40.01965825274273,No,0,No
66,female,48478.94518324151,10,1,1.926058430180499,No,3,No
70,female,106116.42152113884,1,0,53.32361326706482,Yes,5,Yes
46,male,95978.35826846538,20,3,16.30458458930938,No,0,Yes
41,female,108740.23875904232,8,1,37.69854213972985,No,0,No
50,male,144881.50681671596,10,4,36.84083348060558,Yes,5,Yes
23,male,129674.45632673708,14,3,39.13554162,No,4,Yes
49,female,21213.11057752213,11,0,18.67382285727894,No,3,No
58,female,99027.67783179149,18,0,41.85832675291039,No,0,No
53,male,99329.26943209337,3,2,54.79194305215633,Yes,0,No
67,female,110466.88536194433,17,0,43.108669261925726,No,1,No
33,male,60815.67325905587,9,3,19.55928490471455,No,3,Yes
45,female,81989.65088131622,14,0,2.391926099066956,No,5,No
40,female,110343.64155732002,20,2,25.065860304921262,Yes,4,Yes
62,female,79704.47563,16,4,19.883346886232168,No,2,No
50,female,145159.8855329168,14,1,21.393759196969697,Yes,0,No
52,male,57492.70691643695,4,1,5.526680567905345,Yes,2,No
34,male,109403.8655159729,11,3,25.41024095723946,Yes,3,Yes
68,male,147396.14281665056,11,4,34.900349655560895,No,2,No
59,female,102717.87601730225,9,0,21.621845268994484,No,5,No
31,male,128612.42934648528,12,3,33.43610852469518,No,2,Yes
23,female,82526.47568519608,5,1,43.9211476,No,0,No
66,male,92049.44683716216,14,0,5.530945372917306,No,4,No
44,male,68075.72327833297,9,0,33.97824117595224,Yes,2,Yes
45,male,78197.54530335439,20,2,25.115882005703146,Yes,1,No
31,male,76895.97265926645,10,3,16.574555662879966,No,1,No
36,female,74837.66321004808,18,2,19.617654992143542,No,3,Yes
50,male,49396.29306245735,14,4,59.89350821418935,Yes,5,Yes
42,male,25934.336915309887,10,0,22.794078702851717,Yes,4,No
66,male,43317.40866158736,3,2,51.85063379193269,No,3,No
46,female,123247.38613142273,16,4,4.546404808625354,No,0,No
63,female,52441.00598043579,1,4,37.50607196499877,No,3,No
55,female,78034.53713220567,4,0,21.115920296913973,Yes,1,No
32,male,60272.4217,18,3,7.2704321826616125,Yes,3,Yes
68,male,111480.97135177662,15,3,19.077529103355516,Yes,5,Yes
24,female,149332.62123206974,8,2,1.7031609957162834,No,0,No
57,female,117678.76118377592,10,0,30.93599614002427,No,4,Yes
69,male,32893.15294633807,15,1,56.19006464246351,No,0,No
24,male,141252.36605725897,8,4,19.27426168781471,Yes,3,Yes
60,female,76259.69434790415,4,1,5.111751107077058,No,3,No
40,male,91234.73356658008,10,1,50.46557864743921,No,1,No
35,female,104039.63641293097,1,3,16.245166224351834,Yes,5,Yes
28,female,79064.90499879516,11,4,51.91487874205305,Yes,1,No
66,female,48478.94518324151,10,1,1.926058430180499,No,3,No
20,male,68326.10833782294,19,2,13.52437340184535,No,2,No
34,male,91825.12576,15,4,22.227575389533847,Yes,1,Yes
57,female,76759.84467,3,1,11.278429829212069,No,2,No
20,male,82785.95337109617,14,2,5.089158609259395,No,4,Yes
32,female,25453.659046112716,15,3,28.67452491901702,No,1,No
41,female,65461.419866960445,0,1,50.12893103461578,Yes,0,No
68,male,147396.14281665056,11,4,34.900349655560895,No,2,No
42,male,54021.73888566778,18,3,1.0441147938613329,Yes,2,No
44,male,49607.465693417245,5,4,13.334429598071104,No,5,No
21,female,123108.57361957611,11,3,3.456997318058839,No,1,No
41,male,27063.164526977496,8,0,4.88209485,No,0,No
40,male,114116.4972105922,7,3,30.5171406,Yes,5,Yes
52,male,105978.17943915389,8,0,54.78634190880005,No,4,Yes
44,male,120702.39148291244,7,2,41.354532664993336,No,3,Yes
34,female,57148.58219705178,20,2,54.29682438,No,4,Yes
65,female,87154.44169797728,7,0,7.498394692,No,3,No
63,female,147568.62176464207,18,2,51.45475535331689,No,4,Yes
51,male,49533.34241305693,8,3,55.148586497171934,No,5,No
69,female,63486.46753645118,16,2,56.78419677301051,Yes,3,Yes
29,female,144164.97694792118,8,0,9.496190211269504,Yes,2,Yes
38,male,21860.9861,0,4,20.844397876219336,No,4,No
23,female,90490.83671394028,8,0,15.120604906294158,Yes,1,Yes
28,male,59880.95793787835,6,1,51.67165342144136,Yes,3,Yes
67,male,33135.95543138407,14,1,30.56137398,No,4,No
66,male,33767.75457248849,3,3,54.26692911512191,No,0,Yes
33,female,129552.54728087214,16,0,17.481366264942366,No,5,Yes
45,male,83010.51733,2,3,13.201062886604504,Yes,0,No
37,female,37352.39641407269,10,3,35.11488449217408,No,5,Yes
35,male,97769.28822828604,1,2,37.979460645616086,Yes,2,Yes
47,male,63974.77577928479,12,0,50.56111108332121,No,5,Yes
69,female,95685.83706,8,0,57.73515274756371,No,4,Yes
29,female,51136.32208823996,16,1,35.69943786260344,No,0,Yes
43,female,46739.34408542216,10,3,37.20730807599587,Yes,1,No
42,female,103574.6483,5,2,32.13796185,Yes,3,Yes
37,female,112875.14132926147,1,4,20.06846074158527,No,1,No
26,male,123071.07447439912,11,0,16.208930804035486,No,5,Yes
52,female,133580.81715062488,15,4,44.02344596155034,Yes,2,Yes
26,female,53107.18086598665,14,1,48.74249341574773,Yes,3,Yes
47,female,49291.20089366056,13,4,1.2872360516746904,No,4,No
29,female,26264.181611128508,10,0,14.005835208664225,Yes,1,No
67,female,102433.52407892307,8,2,34.424571769681975,Yes,5,Yes
42,female,45381.27838434397,3,0,51.44962477,No,3,No
42,male,25934.336915309887,10,0,22.794078702851717,Yes,4,No
46,female,52107.24387935997,10,0,36.05404709717553,No,5,Yes
49,male,66513.77449230744,0,0,46.02585340698811,No,2,No
22,male,121637.10223484164,2,3,7.814846103231505,No,5,No
19,female,42729.02154385363,0,4,35.713575663841745,No,3,No
58,female,99027.67783179149,18,0,41.85832675291039,No,0,No
41,male,129313.30532536992,12,3,40.697069705305374,No,1,No
52,male,129451.36368293512,13,0,23.59127783,No,5,No
51,male,28119.48717047929,13,3,26.98207915848743,No,1,No
37,male,45600.34157894569,0,3,31.866322047552973,No,0,No
44,male,65435.82837128644,17,2,18.07674571377129,No,1,No
38,male,87431.12926947736,0,4,43.59700567014704,Yes,2,Yes
25,male,122206.73479393752,10,2,52.49698381504589,No,5,Yes
66,male,119516.67686884428,9,3,42.36750897803256,No,5,Yes
57,female,31518.61281605828,7,3,5.456462880257549,No,1,No
66,female,117622.17378723135,10,0,11.157952624606295,No,4,No
62,male,105931.85305215164,14,2,48.20900625511329,No,3,Yes
29,female,122498.15462292882,12,2,18.131351236634178,No,5,Yes
49,male,83391.61525673742,15,3,37.45413261031017,No,0,No
40,female,98921.64523343802,15,4,30.815866426031743,Yes,1,Yes
50,female,95764.88856085364,12,0,52.92912924170528,No,5,Yes
62,male,79728.07989277826,0,1,31.25728638367338,Yes,2,No
46,female,133864.8008572174,14,2,24.60174852319119,Yes,1,No
69,male,56721.41542810048,16,1,56.53166695312044,Yes,2,Yes
63,male,85623.42777958866,18,0,11.657565178537604,No,1,No
46,male,148031.59235912186,19,2,32.592763900888954,No,4,Yes
61,female,85342.06154191696,9,1,28.59717184710515,No,3,No
54,female,28273.318207263503,14,3,38.66265384271312,Yes,4,Yes
40,male,49200.02953970075,1,4,6.120194289834439,No,2,No
54,female,117167.77285757022,3,2,19.036426012818826,Yes,4,No
30,female,132019.8174923549,19,3,19.28207332,Yes,4,Yes
61,female,126478.2568020153,9,1,37.35479494754324,No,4,Yes
32,male,61031.55469,11,4,17.70992594477038,No,3,Yes
52,female,135258.5479812607,4,1,31.327378822714078,No,1,No
55,female,100546.61386977928,6,4,9.126311834,Yes,3,Yes
30,male,47756.47762038735,4,0,6.802350373822574,No,4,No
56,male,68381.71309887673,12,4,14.974118765196229,No,5,No
38,male,89214.68869577823,5,2,9.816739253,No,3,No
46,male,55076.69361666786,5,4,45.41800103039165,Yes,1,No
64,female,62207.87049570779,2,0,41.93792655,No,0,No
50,female,44510.27874740265,17,1,20.216430483084437,No,5,Yes
68,female,131240.49219888012,7,3,19.49516423094057,Yes,2,No
52,male,104713.16886204596,15,4,33.684227042818215,No,2,No
68,male,28970.98703966612,13,1,36.60084852099451,Yes,2,No
51,male,89590.31708883692,8,1,7.459967380713268,Yes,4,Yes
53,female,59381.01773,4,4,34.32564476632817,Yes,3,Yes
21,male,28144.916449196087,16,2,38.58806744242821,No,3,Yes
27,female,101233.63294890986,9,0,50.25906627349909,Yes,2,Yes
41,female,81882.35681793964,7,2,45.79509979976271,No,2,No
56,male,123728.84075006624,9,1,3.9212451524353193,Yes,1,No
45,male,149200.29055696077,7,3,59.96084051902675,No,1,No
19,male,34496.58760176593,13,1,39.704079924533445,Yes,2,Yes
64,female,90031.23373385285,4,4,9.723293833880644,No,4,No
45,male,130580.08751934792,17,1,6.926995431177137,Yes,2,No
47,male,52630.17982409903,13,0,11.494907932177089,Yes,5,Yes
66,female,77089.47616238728,3,4,51.09358179153721,Yes,2,No
49,male,70394.34470923411,15,3,32.68792387981611,Yes,5,Yes
70,female,144468.2424749525,11,4,46.72077986605135,No,2,No
40,female,59617.64240019733,2,0,16.784094784652197,Yes,2,No
57,female,103279.97386135536,1,1,2.4667114390318554,No,2,No
45,female,33736.40895402671,15,4,58.88164687301348,No,1,No
38,female,111330.2651995249,15,4,22.20841268938267,Yes,2,Yes
49,female,94366.32363800913,6,3,6.955555907827533,Yes,1,No
50,female,39355.44654321781,5,4,4.643980791121782,Yes,3,No
47,female,58009.80435,1,4,8.994176616801843,No,4,No
53,female,135718.3478614819,3,2,43.73879500388463,No,1,No
21,female,115255.35172220146,17,4,42.83850429767031,No,0,No
62,male,147857.79145297885,5,0,20.08312845091161,Yes,4,No
27,female,58355.29199504031,11,2,17.94272114270289,Yes,2,Yes
53,female,90593.19591449622,16,1,19.360489530436546,Yes,2,No
69,female,96162.4225,17,3,33.276716464188084,No,3,Yes
34,female,145323.75013151678,2,4,51.06045038609064,No,3,Yes
38,male,38203.132681931296,1,4,10.412857444616993,Yes,0,No
30,male,22281.80723766176,12,2,46.37735686693065,Yes,3,Yes
44,male,131015.05570420487,17,1,34.124864298054334,Yes,4,Yes
22,male,69652.15315487646,2,4,13.131667774261125,No,1,No
60,male,105455.95268211672,2,4,44.87254853607645,Yes,1,No
22,male,141716.4807909605,17,2,41.604916245056415,Yes,1,Yes
57,male,55629.30661448483,8,1,30.94303657369056,Yes,3,Yes
64,female,74145.57614750427,15,1,58.776534192866464,Yes,5,Yes
18,female,54909.38828878895,18,4,32.72332778355093,No,4,Yes
31,female,82515.71905839117,1,0,35.88676778647144,Yes,1,Yes
36,male,87788.37314,14,1,37.39620060194572,No,1,Yes
69,female,74931.29568055281,20,0,17.879305399844377,No,0,No
60,female,87787.93957566663,7,0,37.61285397438406,Yes,5,Yes
50,female,24024.25281951466,11,2,22.409083202711106,No,5,No
18,male,67898.35958915527,2,0,51.942370856784265,No,1,No
46,female,59820.75484116765,18,2,4.000351994513446,No,3,No
25,female,136978.33493934543,10,2,11.71625389085049,No,4,Yes
70,male,131563.01691043132,5,3,1.9392957685051175,No,2,No
45,male,72980.59403421602,3,1,23.34177838839423,No,3,No
20,male,73251.75633638016,19,3,57.90149859451087,Yes,5,Yes
68,male,28970.98703966612,13,1,36.60084852099451,Yes,2,No
29,male,77530.91692591693,10,1,56.03350551445959,No,3,No
66,female,56488.81801707666,13,3,30.957376959897196,No,3,Yes
54,male,121892.93198310163,10,1,48.524266715902414,No,3,Yes
69,male,116017.6696,9,4,1.0944700653927009,No,2,No
60,male,111906.9433692431,15,4,9.568276174999694,No,0,No
24,female,76365.76304223987,4,3,22.77026914680763,Yes,3,Yes
61,male,58943.53813,12,2,37.72017995691728,Yes,1,Yes
35,male,137813.0954677348,13,1,43.438735932481706,No,5,Yes
47,male,123287.02078379731,6,0,36.63130617607142,No,0,No
66,male,114751.9874950931,17,3,10.083831081323728,No,4,No
51,male,49383.769716079965,1,0,29.718311852786616,Yes,1,No
70,male,89340.26173949713,7,2,38.13599895590893,No,3,Yes
57,female,127579.92642369366,16,2,41.34350385,Yes,3,Yes
48,female,90290.80196383834,20,4,44.35079804211334,No,5,Yes
20,male,106292.6592028266,17,3,3.9973527916475926,No,4,Yes
29,female,21521.859395017527,3,0,33.853482986724224,No,2,No
58,female,82930.01906,14,2,12.851753628273467,No,4,No
52,male,46177.29167767667,7,1,38.35202246327806,No,4,No
70,male,106972.90385278407,4,3,42.44191658610592,Yes,2,No
33,male,142424.34251046024,3,1,23.642575020667145,No,0,No
57,female,40445.51706,10,3,56.26301697049618,No,2,No
50,male,92885.81227410222,0,4,4.727802714753363,No,2,No
18,male,99007.77589285394,10,1,16.263599149132915,No,3,Yes
40,female,76472.43147085927,6,1,53.88061157766349,No,4,No
67,female,110466.88536194433,17,0,43.108669261925726,No,1,No
23,female,81595.27769173306,8,0,31.94553387891961,Yes,1,Yes
41,female,28095.50376464513,10,2,25.068331283702623,No,0,No
22,female,59164.48389880005,12,1,30.119075915777728,No,3,Yes
19,male,21019.406800349185,20,0,12.682178788145658,No,4,No
31,female,91982.49309654144,8,3,15.01167649936979,No,3,Yes
68,male,80311.22326948371,14,2,19.080097856464334,No,3,No
69,female,27975.45152438686,18,4,4.368565936568679,No,0,No
60,male,135733.54689231428,1,3,46.10952756180639,Yes,3,Yes
29,male,75955.56334172873,17,2,2.6207631882661064,No,4,Yes
62,male,70250.26588699361,16,0,39.09015649223871,No,5,Yes
42,female,133175.19525598089,15,4,5.759516276079465,No,5,No
55,male,101221.90216262233,14,2,39.347173791787455,Yes,5,Yes
33,female,105058.03180224504,19,0,36.85892787780634,Yes,0,Yes
54,female,30682.316771935555,18,1,28.01049102099319,Yes,2,No
22,female,113951.9045007697,2,0,18.655656736349467,No,1,No
29,male,112824.24378069134,20,4,53.43639654126607,No,4,Yes
35,female,97367.11774,14,2,40.06459772268257,No,1,Yes
24,male,125414.2155310294,11,4,19.450084413346023,No,4,Yes
39,male,34204.34734025078,17,3,27.13410963412803,No,5,No
49,male,95780.38738,18,0,21.860932294304227,Yes,2,Yes
32,female,35979.688200500386,11,1,43.85190652176026,No,4,Yes
55,male,81936.80822469291,6,1,56.94371189784098,Yes,4,Yes
68,male,80311.22326948371,14,2,19.080097856464334,No,3,No
21,female,120794.99955240762,10,0,7.630770005200024,No,2,No
28,female,141304.7330746625,0,1,17.35151676052823,No,1,No
41,male,116615.11583510845,19,2,32.15601677499265,No,1,No
22,male,55799.55265320441,9,4,54.27864453607589,Yes,1,Yes
19,male,26090.748108588406,0,2,53.58752220078088,No,4,No
18,female,83126.66095572172,20,3,2.2803056212569555,No,1,No
30,male,71611.95536083492,20,1,38.68168553110391,No,5,Yes
63,male,71874.59129351651,10,2,43.54624261077121,No,1,No
34,female,20418.37426855623,9,1,54.45995479214512,No,0,No
34,female,104649.18603461764,14,1,28.998116659354817,No,1,No
39,female,65048.14183385337,13,0,34.59074328252628,No,5,Yes
67,female,28775.33106889685,18,2,17.625707203046694,No,1,Yes
40,female,57363.24754052536,7,4,12.20603320759119,No,0,No
63,male,134021.77553236455,16,2,37.31163380267996,Yes,0,Yes
50,male,52625.66597423874,13,0,25.348016654369804,Yes,4,Yes
